context	package	version	record_type	source	source_sha256
inferCNV	x86	64-pc-linux-gnu	historical successful-run session	inferCNV_CID4465_20260908_171228.tar.gz::CID4465/sessionInfo.txt	35d923e901a0259070e9b78ed0a9fd8bac723d1f912afcf1f3df8e77c58a195b
inferCNV	x86	64-linux-gnu	historical successful-run session	inferCNV_CID4465_20260908_171228.tar.gz::CID4465/sessionInfo.txt	35d923e901a0259070e9b78ed0a9fd8bac723d1f912afcf1f3df8e77c58a195b
inferCNV	x86	64-linux-gnu	historical successful-run session	inferCNV_CID4465_20260908_171228.tar.gz::CID4465/sessionInfo.txt	35d923e901a0259070e9b78ed0a9fd8bac723d1f912afcf1f3df8e77c58a195b
inferCNV	future	1.75.0	historical successful-run session	inferCNV_CID4465_20260908_171228.tar.gz::CID4465/sessionInfo.txt	35d923e901a0259070e9b78ed0a9fd8bac723d1f912afcf1f3df8e77c58a195b
inferCNV	RcppAnnoy	0.0.23	historical successful-run session	inferCNV_CID4465_20260908_171228.tar.gz::CID4465/sessionInfo.txt	35d923e901a0259070e9b78ed0a9fd8bac723d1f912afcf1f3df8e77c58a195b
inferCNV	splines	4.3.3	historical successful-run session	inferCNV_CID4465_20260908_171228.tar.gz::CID4465/sessionInfo.txt	35d923e901a0259070e9b78ed0a9fd8bac723d1f912afcf1f3df8e77c58a195b
inferCNV	later	1.4.8	historical successful-run session	inferCNV_CID4465_20260908_171228.tar.gz::CID4465/sessionInfo.txt	35d923e901a0259070e9b78ed0a9fd8bac723d1f912afcf1f3df8e77c58a195b
inferCNV	bitops	1.0-9	historical successful-run session	inferCNV_CID4465_20260908_171228.tar.gz::CID4465/sessionInfo.txt	35d923e901a0259070e9b78ed0a9fd8bac723d1f912afcf1f3df8e77c58a195b
inferCNV	tibble	3.3.1	historical successful-run session	inferCNV_CID4465_20260908_171228.tar.gz::CID4465/sessionInfo.txt	35d923e901a0259070e9b78ed0a9fd8bac723d1f912afcf1f3df8e77c58a195b
inferCNV	polyclip	1.10-7	historical successful-run session	inferCNV_CID4465_20260908_171228.tar.gz::CID4465/sessionInfo.txt	35d923e901a0259070e9b78ed0a9fd8bac723d1f912afcf1f3df8e77c58a195b
inferCNV	fastDummies	1.7.6	historical successful-run session	inferCNV_CID4465_20260908_171228.tar.gz::CID4465/sessionInfo.txt	35d923e901a0259070e9b78ed0a9fd8bac723d1f912afcf1f3df8e77c58a195b
inferCNV	lifecycle	1.0.5	historical successful-run session	inferCNV_CID4465_20260908_171228.tar.gz::CID4465/sessionInfo.txt	35d923e901a0259070e9b78ed0a9fd8bac723d1f912afcf1f3df8e77c58a195b
inferCNV	fastcluster	1.3.0	historical successful-run session	inferCNV_CID4465_20260908_171228.tar.gz::CID4465/sessionInfo.txt	35d923e901a0259070e9b78ed0a9fd8bac723d1f912afcf1f3df8e77c58a195b
inferCNV	edgeR	4.0.16	historical successful-run session	inferCNV_CID4465_20260908_171228.tar.gz::CID4465/sessionInfo.txt	35d923e901a0259070e9b78ed0a9fd8bac723d1f912afcf1f3df8e77c58a195b
inferCNV	doParallel	1.0.17	historical successful-run session	inferCNV_CID4465_20260908_171228.tar.gz::CID4465/sessionInfo.txt	35d923e901a0259070e9b78ed0a9fd8bac723d1f912afcf1f3df8e77c58a195b
inferCNV	globals	0.19.1	historical successful-run session	inferCNV_CID4465_20260908_171228.tar.gz::CID4465/sessionInfo.txt	35d923e901a0259070e9b78ed0a9fd8bac723d1f912afcf1f3df8e77c58a195b
inferCNV	lattice	0.22-5	historical successful-run session	inferCNV_CID4465_20260908_171228.tar.gz::CID4465/sessionInfo.txt	35d923e901a0259070e9b78ed0a9fd8bac723d1f912afcf1f3df8e77c58a195b
inferCNV	MASS	7.3-60.0.1	historical successful-run session	inferCNV_CID4465_20260908_171228.tar.gz::CID4465/sessionInfo.txt	35d923e901a0259070e9b78ed0a9fd8bac723d1f912afcf1f3df8e77c58a195b
inferCNV	magrittr	2.0.5	historical successful-run session	inferCNV_CID4465_20260908_171228.tar.gz::CID4465/sessionInfo.txt	35d923e901a0259070e9b78ed0a9fd8bac723d1f912afcf1f3df8e77c58a195b
inferCNV	limma	3.58.1	historical successful-run session	inferCNV_CID4465_20260908_171228.tar.gz::CID4465/sessionInfo.txt	35d923e901a0259070e9b78ed0a9fd8bac723d1f912afcf1f3df8e77c58a195b
inferCNV	plotly	4.12.1	historical successful-run session	inferCNV_CID4465_20260908_171228.tar.gz::CID4465/sessionInfo.txt	35d923e901a0259070e9b78ed0a9fd8bac723d1f912afcf1f3df8e77c58a195b
inferCNV	httpuv	1.6.17	historical successful-run session	inferCNV_CID4465_20260908_171228.tar.gz::CID4465/sessionInfo.txt	35d923e901a0259070e9b78ed0a9fd8bac723d1f912afcf1f3df8e77c58a195b
inferCNV	otel	0.2.0	historical successful-run session	inferCNV_CID4465_20260908_171228.tar.gz::CID4465/sessionInfo.txt	35d923e901a0259070e9b78ed0a9fd8bac723d1f912afcf1f3df8e77c58a195b
inferCNV	Seurat	5.5.1	historical successful-run session	inferCNV_CID4465_20260908_171228.tar.gz::CID4465/sessionInfo.txt	35d923e901a0259070e9b78ed0a9fd8bac723d1f912afcf1f3df8e77c58a195b
inferCNV	sctransform	0.4.3	historical successful-run session	inferCNV_CID4465_20260908_171228.tar.gz::CID4465/sessionInfo.txt	35d923e901a0259070e9b78ed0a9fd8bac723d1f912afcf1f3df8e77c58a195b
inferCNV	spam	2.11-4	historical successful-run session	inferCNV_CID4465_20260908_171228.tar.gz::CID4465/sessionInfo.txt	35d923e901a0259070e9b78ed0a9fd8bac723d1f912afcf1f3df8e77c58a195b
inferCNV	sp	2.2-3	historical successful-run session	inferCNV_CID4465_20260908_171228.tar.gz::CID4465/sessionInfo.txt	35d923e901a0259070e9b78ed0a9fd8bac723d1f912afcf1f3df8e77c58a195b
inferCNV	spatstat.sparse	3.2-0	historical successful-run session	inferCNV_CID4465_20260908_171228.tar.gz::CID4465/sessionInfo.txt	35d923e901a0259070e9b78ed0a9fd8bac723d1f912afcf1f3df8e77c58a195b
inferCNV	reticulate	1.46.0	historical successful-run session	inferCNV_CID4465_20260908_171228.tar.gz::CID4465/sessionInfo.txt	35d923e901a0259070e9b78ed0a9fd8bac723d1f912afcf1f3df8e77c58a195b
inferCNV	cowplot	1.2.0	historical successful-run session	inferCNV_CID4465_20260908_171228.tar.gz::CID4465/sessionInfo.txt	35d923e901a0259070e9b78ed0a9fd8bac723d1f912afcf1f3df8e77c58a195b
inferCNV	pbapply	1.7-4	historical successful-run session	inferCNV_CID4465_20260908_171228.tar.gz::CID4465/sessionInfo.txt	35d923e901a0259070e9b78ed0a9fd8bac723d1f912afcf1f3df8e77c58a195b
inferCNV	RColorBrewer	1.1-3	historical successful-run session	inferCNV_CID4465_20260908_171228.tar.gz::CID4465/sessionInfo.txt	35d923e901a0259070e9b78ed0a9fd8bac723d1f912afcf1f3df8e77c58a195b
inferCNV	multcomp	1.4-31	historical successful-run session	inferCNV_CID4465_20260908_171228.tar.gz::CID4465/sessionInfo.txt	35d923e901a0259070e9b78ed0a9fd8bac723d1f912afcf1f3df8e77c58a195b
inferCNV	abind	1.4-8	historical successful-run session	inferCNV_CID4465_20260908_171228.tar.gz::CID4465/sessionInfo.txt	35d923e901a0259070e9b78ed0a9fd8bac723d1f912afcf1f3df8e77c58a195b
inferCNV	zlibbioc	1.48.2	historical successful-run session	inferCNV_CID4465_20260908_171228.tar.gz::CID4465/sessionInfo.txt	35d923e901a0259070e9b78ed0a9fd8bac723d1f912afcf1f3df8e77c58a195b
inferCNV	Rtsne	0.17	historical successful-run session	inferCNV_CID4465_20260908_171228.tar.gz::CID4465/sessionInfo.txt	35d923e901a0259070e9b78ed0a9fd8bac723d1f912afcf1f3df8e77c58a195b
inferCNV	GenomicRanges	1.54.1	historical successful-run session	inferCNV_CID4465_20260908_171228.tar.gz::CID4465/sessionInfo.txt	35d923e901a0259070e9b78ed0a9fd8bac723d1f912afcf1f3df8e77c58a195b
inferCNV	purrr	1.2.2	historical successful-run session	inferCNV_CID4465_20260908_171228.tar.gz::CID4465/sessionInfo.txt	35d923e901a0259070e9b78ed0a9fd8bac723d1f912afcf1f3df8e77c58a195b
inferCNV	BiocGenerics	0.48.1	historical successful-run session	inferCNV_CID4465_20260908_171228.tar.gz::CID4465/sessionInfo.txt	35d923e901a0259070e9b78ed0a9fd8bac723d1f912afcf1f3df8e77c58a195b
inferCNV	RCurl	1.98-1.19	historical successful-run session	inferCNV_CID4465_20260908_171228.tar.gz::CID4465/sessionInfo.txt	35d923e901a0259070e9b78ed0a9fd8bac723d1f912afcf1f3df8e77c58a195b
inferCNV	TH.data	1.1-5	historical successful-run session	inferCNV_CID4465_20260908_171228.tar.gz::CID4465/sessionInfo.txt	35d923e901a0259070e9b78ed0a9fd8bac723d1f912afcf1f3df8e77c58a195b
inferCNV	sandwich	3.1-2	historical successful-run session	inferCNV_CID4465_20260908_171228.tar.gz::CID4465/sessionInfo.txt	35d923e901a0259070e9b78ed0a9fd8bac723d1f912afcf1f3df8e77c58a195b
inferCNV	GenomeInfoDbData	1.2.11	historical successful-run session	inferCNV_CID4465_20260908_171228.tar.gz::CID4465/sessionInfo.txt	35d923e901a0259070e9b78ed0a9fd8bac723d1f912afcf1f3df8e77c58a195b
inferCNV	IRanges	2.36.0	historical successful-run session	inferCNV_CID4465_20260908_171228.tar.gz::CID4465/sessionInfo.txt	35d923e901a0259070e9b78ed0a9fd8bac723d1f912afcf1f3df8e77c58a195b
inferCNV	S4Vectors	0.40.2	historical successful-run session	inferCNV_CID4465_20260908_171228.tar.gz::CID4465/sessionInfo.txt	35d923e901a0259070e9b78ed0a9fd8bac723d1f912afcf1f3df8e77c58a195b
inferCNV	ggrepel	0.9.8	historical successful-run session	inferCNV_CID4465_20260908_171228.tar.gz::CID4465/sessionInfo.txt	35d923e901a0259070e9b78ed0a9fd8bac723d1f912afcf1f3df8e77c58a195b
inferCNV	irlba	2.3.7	historical successful-run session	inferCNV_CID4465_20260908_171228.tar.gz::CID4465/sessionInfo.txt	35d923e901a0259070e9b78ed0a9fd8bac723d1f912afcf1f3df8e77c58a195b
inferCNV	listenv	1.0.0	historical successful-run session	inferCNV_CID4465_20260908_171228.tar.gz::CID4465/sessionInfo.txt	35d923e901a0259070e9b78ed0a9fd8bac723d1f912afcf1f3df8e77c58a195b
inferCNV	spatstat.utils	3.2-4	historical successful-run session	inferCNV_CID4465_20260908_171228.tar.gz::CID4465/sessionInfo.txt	35d923e901a0259070e9b78ed0a9fd8bac723d1f912afcf1f3df8e77c58a195b
inferCNV	goftest	1.2-3	historical successful-run session	inferCNV_CID4465_20260908_171228.tar.gz::CID4465/sessionInfo.txt	35d923e901a0259070e9b78ed0a9fd8bac723d1f912afcf1f3df8e77c58a195b
inferCNV	RSpectra	0.16-2	historical successful-run session	inferCNV_CID4465_20260908_171228.tar.gz::CID4465/sessionInfo.txt	35d923e901a0259070e9b78ed0a9fd8bac723d1f912afcf1f3df8e77c58a195b
inferCNV	spatstat.random	3.5-1	historical successful-run session	inferCNV_CID4465_20260908_171228.tar.gz::CID4465/sessionInfo.txt	35d923e901a0259070e9b78ed0a9fd8bac723d1f912afcf1f3df8e77c58a195b
inferCNV	fitdistrplus	1.2-6	historical successful-run session	inferCNV_CID4465_20260908_171228.tar.gz::CID4465/sessionInfo.txt	35d923e901a0259070e9b78ed0a9fd8bac723d1f912afcf1f3df8e77c58a195b
inferCNV	parallelly	1.48.0	historical successful-run session	inferCNV_CID4465_20260908_171228.tar.gz::CID4465/sessionInfo.txt	35d923e901a0259070e9b78ed0a9fd8bac723d1f912afcf1f3df8e77c58a195b
inferCNV	codetools	0.2-19	historical successful-run session	inferCNV_CID4465_20260908_171228.tar.gz::CID4465/sessionInfo.txt	35d923e901a0259070e9b78ed0a9fd8bac723d1f912afcf1f3df8e77c58a195b
inferCNV	coin	1.4-5	historical successful-run session	inferCNV_CID4465_20260908_171228.tar.gz::CID4465/sessionInfo.txt	35d923e901a0259070e9b78ed0a9fd8bac723d1f912afcf1f3df8e77c58a195b
inferCNV	DelayedArray	0.28.0	historical successful-run session	inferCNV_CID4465_20260908_171228.tar.gz::CID4465/sessionInfo.txt	35d923e901a0259070e9b78ed0a9fd8bac723d1f912afcf1f3df8e77c58a195b
inferCNV	tidyselect	1.2.1	historical successful-run session	inferCNV_CID4465_20260908_171228.tar.gz::CID4465/sessionInfo.txt	35d923e901a0259070e9b78ed0a9fd8bac723d1f912afcf1f3df8e77c58a195b
inferCNV	futile.logger	1.4.9	historical successful-run session	inferCNV_CID4465_20260908_171228.tar.gz::CID4465/sessionInfo.txt	35d923e901a0259070e9b78ed0a9fd8bac723d1f912afcf1f3df8e77c58a195b
inferCNV	farver	2.1.2	historical successful-run session	inferCNV_CID4465_20260908_171228.tar.gz::CID4465/sessionInfo.txt	35d923e901a0259070e9b78ed0a9fd8bac723d1f912afcf1f3df8e77c58a195b
inferCNV	rjags	4-17	historical successful-run session	inferCNV_CID4465_20260908_171228.tar.gz::CID4465/sessionInfo.txt	35d923e901a0259070e9b78ed0a9fd8bac723d1f912afcf1f3df8e77c58a195b
inferCNV	matrixStats	1.5.0	historical successful-run session	inferCNV_CID4465_20260908_171228.tar.gz::CID4465/sessionInfo.txt	35d923e901a0259070e9b78ed0a9fd8bac723d1f912afcf1f3df8e77c58a195b
inferCNV	stats4	4.3.3	historical successful-run session	inferCNV_CID4465_20260908_171228.tar.gz::CID4465/sessionInfo.txt	35d923e901a0259070e9b78ed0a9fd8bac723d1f912afcf1f3df8e77c58a195b
inferCNV	spatstat.explore	3.8-2	historical successful-run session	inferCNV_CID4465_20260908_171228.tar.gz::CID4465/sessionInfo.txt	35d923e901a0259070e9b78ed0a9fd8bac723d1f912afcf1f3df8e77c58a195b
inferCNV	jsonlite	2.0.0	historical successful-run session	inferCNV_CID4465_20260908_171228.tar.gz::CID4465/sessionInfo.txt	35d923e901a0259070e9b78ed0a9fd8bac723d1f912afcf1f3df8e77c58a195b
inferCNV	progressr	1.0.0	historical successful-run session	inferCNV_CID4465_20260908_171228.tar.gz::CID4465/sessionInfo.txt	35d923e901a0259070e9b78ed0a9fd8bac723d1f912afcf1f3df8e77c58a195b
inferCNV	ggridges	0.5.7	historical successful-run session	inferCNV_CID4465_20260908_171228.tar.gz::CID4465/sessionInfo.txt	35d923e901a0259070e9b78ed0a9fd8bac723d1f912afcf1f3df8e77c58a195b
inferCNV	survival	3.5-8	historical successful-run session	inferCNV_CID4465_20260908_171228.tar.gz::CID4465/sessionInfo.txt	35d923e901a0259070e9b78ed0a9fd8bac723d1f912afcf1f3df8e77c58a195b
inferCNV	iterators	1.0.14	historical successful-run session	inferCNV_CID4465_20260908_171228.tar.gz::CID4465/sessionInfo.txt	35d923e901a0259070e9b78ed0a9fd8bac723d1f912afcf1f3df8e77c58a195b
inferCNV	foreach	1.5.2	historical successful-run session	inferCNV_CID4465_20260908_171228.tar.gz::CID4465/sessionInfo.txt	35d923e901a0259070e9b78ed0a9fd8bac723d1f912afcf1f3df8e77c58a195b
inferCNV	tools	4.3.3	historical successful-run session	inferCNV_CID4465_20260908_171228.tar.gz::CID4465/sessionInfo.txt	35d923e901a0259070e9b78ed0a9fd8bac723d1f912afcf1f3df8e77c58a195b
inferCNV	ica	1.0-3	historical successful-run session	inferCNV_CID4465_20260908_171228.tar.gz::CID4465/sessionInfo.txt	35d923e901a0259070e9b78ed0a9fd8bac723d1f912afcf1f3df8e77c58a195b
inferCNV	Rcpp	1.1.2	historical successful-run session	inferCNV_CID4465_20260908_171228.tar.gz::CID4465/sessionInfo.txt	35d923e901a0259070e9b78ed0a9fd8bac723d1f912afcf1f3df8e77c58a195b
inferCNV	glue	1.8.1	historical successful-run session	inferCNV_CID4465_20260908_171228.tar.gz::CID4465/sessionInfo.txt	35d923e901a0259070e9b78ed0a9fd8bac723d1f912afcf1f3df8e77c58a195b
inferCNV	gridExtra	2.3.1	historical successful-run session	inferCNV_CID4465_20260908_171228.tar.gz::CID4465/sessionInfo.txt	35d923e901a0259070e9b78ed0a9fd8bac723d1f912afcf1f3df8e77c58a195b
inferCNV	SparseArray	1.2.4	historical successful-run session	inferCNV_CID4465_20260908_171228.tar.gz::CID4465/sessionInfo.txt	35d923e901a0259070e9b78ed0a9fd8bac723d1f912afcf1f3df8e77c58a195b
inferCNV	MatrixGenerics	1.14.0	historical successful-run session	inferCNV_CID4465_20260908_171228.tar.gz::CID4465/sessionInfo.txt	35d923e901a0259070e9b78ed0a9fd8bac723d1f912afcf1f3df8e77c58a195b
inferCNV	GenomeInfoDb	1.38.8	historical successful-run session	inferCNV_CID4465_20260908_171228.tar.gz::CID4465/sessionInfo.txt	35d923e901a0259070e9b78ed0a9fd8bac723d1f912afcf1f3df8e77c58a195b
inferCNV	dplyr	1.2.1	historical successful-run session	inferCNV_CID4465_20260908_171228.tar.gz::CID4465/sessionInfo.txt	35d923e901a0259070e9b78ed0a9fd8bac723d1f912afcf1f3df8e77c58a195b
inferCNV	withr	3.0.3	historical successful-run session	inferCNV_CID4465_20260908_171228.tar.gz::CID4465/sessionInfo.txt	35d923e901a0259070e9b78ed0a9fd8bac723d1f912afcf1f3df8e77c58a195b
inferCNV	formatR	1.14	historical successful-run session	inferCNV_CID4465_20260908_171228.tar.gz::CID4465/sessionInfo.txt	35d923e901a0259070e9b78ed0a9fd8bac723d1f912afcf1f3df8e77c58a195b
inferCNV	fastmap	1.2.0	historical successful-run session	inferCNV_CID4465_20260908_171228.tar.gz::CID4465/sessionInfo.txt	35d923e901a0259070e9b78ed0a9fd8bac723d1f912afcf1f3df8e77c58a195b
inferCNV	caTools	1.18.4	historical successful-run session	inferCNV_CID4465_20260908_171228.tar.gz::CID4465/sessionInfo.txt	35d923e901a0259070e9b78ed0a9fd8bac723d1f912afcf1f3df8e77c58a195b
inferCNV	digest	0.6.39	historical successful-run session	inferCNV_CID4465_20260908_171228.tar.gz::CID4465/sessionInfo.txt	35d923e901a0259070e9b78ed0a9fd8bac723d1f912afcf1f3df8e77c58a195b
inferCNV	parallelDist	0.2.7	historical successful-run session	inferCNV_CID4465_20260908_171228.tar.gz::CID4465/sessionInfo.txt	35d923e901a0259070e9b78ed0a9fd8bac723d1f912afcf1f3df8e77c58a195b
inferCNV	R6	2.6.1	historical successful-run session	inferCNV_CID4465_20260908_171228.tar.gz::CID4465/sessionInfo.txt	35d923e901a0259070e9b78ed0a9fd8bac723d1f912afcf1f3df8e77c58a195b
inferCNV	mime	0.13	historical successful-run session	inferCNV_CID4465_20260908_171228.tar.gz::CID4465/sessionInfo.txt	35d923e901a0259070e9b78ed0a9fd8bac723d1f912afcf1f3df8e77c58a195b
inferCNV	scattermore	1.2	historical successful-run session	inferCNV_CID4465_20260908_171228.tar.gz::CID4465/sessionInfo.txt	35d923e901a0259070e9b78ed0a9fd8bac723d1f912afcf1f3df8e77c58a195b
inferCNV	gtools	3.9.5	historical successful-run session	inferCNV_CID4465_20260908_171228.tar.gz::CID4465/sessionInfo.txt	35d923e901a0259070e9b78ed0a9fd8bac723d1f912afcf1f3df8e77c58a195b
inferCNV	tensor	1.5.1	historical successful-run session	inferCNV_CID4465_20260908_171228.tar.gz::CID4465/sessionInfo.txt	35d923e901a0259070e9b78ed0a9fd8bac723d1f912afcf1f3df8e77c58a195b
inferCNV	spatstat.data	3.1-9	historical successful-run session	inferCNV_CID4465_20260908_171228.tar.gz::CID4465/sessionInfo.txt	35d923e901a0259070e9b78ed0a9fd8bac723d1f912afcf1f3df8e77c58a195b
inferCNV	tidyr	1.3.2	historical successful-run session	inferCNV_CID4465_20260908_171228.tar.gz::CID4465/sessionInfo.txt	35d923e901a0259070e9b78ed0a9fd8bac723d1f912afcf1f3df8e77c58a195b
inferCNV	generics	0.1.4	historical successful-run session	inferCNV_CID4465_20260908_171228.tar.gz::CID4465/sessionInfo.txt	35d923e901a0259070e9b78ed0a9fd8bac723d1f912afcf1f3df8e77c58a195b
inferCNV	data.table	1.18.4	historical successful-run session	inferCNV_CID4465_20260908_171228.tar.gz::CID4465/sessionInfo.txt	35d923e901a0259070e9b78ed0a9fd8bac723d1f912afcf1f3df8e77c58a195b
inferCNV	httr	1.4.8	historical successful-run session	inferCNV_CID4465_20260908_171228.tar.gz::CID4465/sessionInfo.txt	35d923e901a0259070e9b78ed0a9fd8bac723d1f912afcf1f3df8e77c58a195b
inferCNV	htmlwidgets	1.6.4	historical successful-run session	inferCNV_CID4465_20260908_171228.tar.gz::CID4465/sessionInfo.txt	35d923e901a0259070e9b78ed0a9fd8bac723d1f912afcf1f3df8e77c58a195b
inferCNV	S4Arrays	1.2.1	historical successful-run session	inferCNV_CID4465_20260908_171228.tar.gz::CID4465/sessionInfo.txt	35d923e901a0259070e9b78ed0a9fd8bac723d1f912afcf1f3df8e77c58a195b
inferCNV	infercnv	1.18.1	historical successful-run session	inferCNV_CID4465_20260908_171228.tar.gz::CID4465/sessionInfo.txt	35d923e901a0259070e9b78ed0a9fd8bac723d1f912afcf1f3df8e77c58a195b
inferCNV	uwot	0.2.4	historical successful-run session	inferCNV_CID4465_20260908_171228.tar.gz::CID4465/sessionInfo.txt	35d923e901a0259070e9b78ed0a9fd8bac723d1f912afcf1f3df8e77c58a195b
inferCNV	pkgconfig	2.0.3	historical successful-run session	inferCNV_CID4465_20260908_171228.tar.gz::CID4465/sessionInfo.txt	35d923e901a0259070e9b78ed0a9fd8bac723d1f912afcf1f3df8e77c58a195b
inferCNV	gtable	0.3.6	historical successful-run session	inferCNV_CID4465_20260908_171228.tar.gz::CID4465/sessionInfo.txt	35d923e901a0259070e9b78ed0a9fd8bac723d1f912afcf1f3df8e77c58a195b
inferCNV	modeltools	0.2-24	historical successful-run session	inferCNV_CID4465_20260908_171228.tar.gz::CID4465/sessionInfo.txt	35d923e901a0259070e9b78ed0a9fd8bac723d1f912afcf1f3df8e77c58a195b
inferCNV	lmtest	0.9-40	historical successful-run session	inferCNV_CID4465_20260908_171228.tar.gz::CID4465/sessionInfo.txt	35d923e901a0259070e9b78ed0a9fd8bac723d1f912afcf1f3df8e77c58a195b
inferCNV	S7	0.2.2	historical successful-run session	inferCNV_CID4465_20260908_171228.tar.gz::CID4465/sessionInfo.txt	35d923e901a0259070e9b78ed0a9fd8bac723d1f912afcf1f3df8e77c58a195b
inferCNV	SingleCellExperiment	1.24.0	historical successful-run session	inferCNV_CID4465_20260908_171228.tar.gz::CID4465/sessionInfo.txt	35d923e901a0259070e9b78ed0a9fd8bac723d1f912afcf1f3df8e77c58a195b
inferCNV	XVector	0.42.0	historical successful-run session	inferCNV_CID4465_20260908_171228.tar.gz::CID4465/sessionInfo.txt	35d923e901a0259070e9b78ed0a9fd8bac723d1f912afcf1f3df8e77c58a195b
inferCNV	htmltools	0.5.9	historical successful-run session	inferCNV_CID4465_20260908_171228.tar.gz::CID4465/sessionInfo.txt	35d923e901a0259070e9b78ed0a9fd8bac723d1f912afcf1f3df8e77c58a195b
inferCNV	dotCall64	1.2	historical successful-run session	inferCNV_CID4465_20260908_171228.tar.gz::CID4465/sessionInfo.txt	35d923e901a0259070e9b78ed0a9fd8bac723d1f912afcf1f3df8e77c58a195b
inferCNV	HiddenMarkov	1.8-14	historical successful-run session	inferCNV_CID4465_20260908_171228.tar.gz::CID4465/sessionInfo.txt	35d923e901a0259070e9b78ed0a9fd8bac723d1f912afcf1f3df8e77c58a195b
inferCNV	SeuratObject	5.4.0	historical successful-run session	inferCNV_CID4465_20260908_171228.tar.gz::CID4465/sessionInfo.txt	35d923e901a0259070e9b78ed0a9fd8bac723d1f912afcf1f3df8e77c58a195b
inferCNV	scales	1.4.0	historical successful-run session	inferCNV_CID4465_20260908_171228.tar.gz::CID4465/sessionInfo.txt	35d923e901a0259070e9b78ed0a9fd8bac723d1f912afcf1f3df8e77c58a195b
inferCNV	Biobase	2.62.0	historical successful-run session	inferCNV_CID4465_20260908_171228.tar.gz::CID4465/sessionInfo.txt	35d923e901a0259070e9b78ed0a9fd8bac723d1f912afcf1f3df8e77c58a195b
inferCNV	png	0.1-9	historical successful-run session	inferCNV_CID4465_20260908_171228.tar.gz::CID4465/sessionInfo.txt	35d923e901a0259070e9b78ed0a9fd8bac723d1f912afcf1f3df8e77c58a195b
inferCNV	phyclust	0.1-34	historical successful-run session	inferCNV_CID4465_20260908_171228.tar.gz::CID4465/sessionInfo.txt	35d923e901a0259070e9b78ed0a9fd8bac723d1f912afcf1f3df8e77c58a195b
inferCNV	spatstat.univar	3.2-0	historical successful-run session	inferCNV_CID4465_20260908_171228.tar.gz::CID4465/sessionInfo.txt	35d923e901a0259070e9b78ed0a9fd8bac723d1f912afcf1f3df8e77c58a195b
inferCNV	lambda.r	1.2.4	historical successful-run session	inferCNV_CID4465_20260908_171228.tar.gz::CID4465/sessionInfo.txt	35d923e901a0259070e9b78ed0a9fd8bac723d1f912afcf1f3df8e77c58a195b
inferCNV	reshape2	1.4.5	historical successful-run session	inferCNV_CID4465_20260908_171228.tar.gz::CID4465/sessionInfo.txt	35d923e901a0259070e9b78ed0a9fd8bac723d1f912afcf1f3df8e77c58a195b
inferCNV	coda	0.19-4.1	historical successful-run session	inferCNV_CID4465_20260908_171228.tar.gz::CID4465/sessionInfo.txt	35d923e901a0259070e9b78ed0a9fd8bac723d1f912afcf1f3df8e77c58a195b
inferCNV	nlme	3.1-164	historical successful-run session	inferCNV_CID4465_20260908_171228.tar.gz::CID4465/sessionInfo.txt	35d923e901a0259070e9b78ed0a9fd8bac723d1f912afcf1f3df8e77c58a195b
inferCNV	zoo	1.8-15	historical successful-run session	inferCNV_CID4465_20260908_171228.tar.gz::CID4465/sessionInfo.txt	35d923e901a0259070e9b78ed0a9fd8bac723d1f912afcf1f3df8e77c58a195b
inferCNV	stringr	1.6.0	historical successful-run session	inferCNV_CID4465_20260908_171228.tar.gz::CID4465/sessionInfo.txt	35d923e901a0259070e9b78ed0a9fd8bac723d1f912afcf1f3df8e77c58a195b
inferCNV	KernSmooth	2.23-22	historical successful-run session	inferCNV_CID4465_20260908_171228.tar.gz::CID4465/sessionInfo.txt	35d923e901a0259070e9b78ed0a9fd8bac723d1f912afcf1f3df8e77c58a195b
inferCNV	parallel	4.3.3	historical successful-run session	inferCNV_CID4465_20260908_171228.tar.gz::CID4465/sessionInfo.txt	35d923e901a0259070e9b78ed0a9fd8bac723d1f912afcf1f3df8e77c58a195b
inferCNV	miniUI	0.1.2	historical successful-run session	inferCNV_CID4465_20260908_171228.tar.gz::CID4465/sessionInfo.txt	35d923e901a0259070e9b78ed0a9fd8bac723d1f912afcf1f3df8e77c58a195b
inferCNV	libcoin	1.0-13	historical successful-run session	inferCNV_CID4465_20260908_171228.tar.gz::CID4465/sessionInfo.txt	35d923e901a0259070e9b78ed0a9fd8bac723d1f912afcf1f3df8e77c58a195b
inferCNV	pillar	1.11.1	historical successful-run session	inferCNV_CID4465_20260908_171228.tar.gz::CID4465/sessionInfo.txt	35d923e901a0259070e9b78ed0a9fd8bac723d1f912afcf1f3df8e77c58a195b
inferCNV	grid	4.3.3	historical successful-run session	inferCNV_CID4465_20260908_171228.tar.gz::CID4465/sessionInfo.txt	35d923e901a0259070e9b78ed0a9fd8bac723d1f912afcf1f3df8e77c58a195b
inferCNV	vctrs	0.7.3	historical successful-run session	inferCNV_CID4465_20260908_171228.tar.gz::CID4465/sessionInfo.txt	35d923e901a0259070e9b78ed0a9fd8bac723d1f912afcf1f3df8e77c58a195b
inferCNV	RANN	2.6.2	historical successful-run session	inferCNV_CID4465_20260908_171228.tar.gz::CID4465/sessionInfo.txt	35d923e901a0259070e9b78ed0a9fd8bac723d1f912afcf1f3df8e77c58a195b
inferCNV	gplots	3.3.0	historical successful-run session	inferCNV_CID4465_20260908_171228.tar.gz::CID4465/sessionInfo.txt	35d923e901a0259070e9b78ed0a9fd8bac723d1f912afcf1f3df8e77c58a195b
inferCNV	promises	1.5.0	historical successful-run session	inferCNV_CID4465_20260908_171228.tar.gz::CID4465/sessionInfo.txt	35d923e901a0259070e9b78ed0a9fd8bac723d1f912afcf1f3df8e77c58a195b
inferCNV	xtable	1.8-8	historical successful-run session	inferCNV_CID4465_20260908_171228.tar.gz::CID4465/sessionInfo.txt	35d923e901a0259070e9b78ed0a9fd8bac723d1f912afcf1f3df8e77c58a195b
inferCNV	cluster	2.1.6	historical successful-run session	inferCNV_CID4465_20260908_171228.tar.gz::CID4465/sessionInfo.txt	35d923e901a0259070e9b78ed0a9fd8bac723d1f912afcf1f3df8e77c58a195b
inferCNV	mvtnorm	1.4-2	historical successful-run session	inferCNV_CID4465_20260908_171228.tar.gz::CID4465/sessionInfo.txt	35d923e901a0259070e9b78ed0a9fd8bac723d1f912afcf1f3df8e77c58a195b
inferCNV	cli	3.6.6	historical successful-run session	inferCNV_CID4465_20260908_171228.tar.gz::CID4465/sessionInfo.txt	35d923e901a0259070e9b78ed0a9fd8bac723d1f912afcf1f3df8e77c58a195b
inferCNV	locfit	1.5-9.12	historical successful-run session	inferCNV_CID4465_20260908_171228.tar.gz::CID4465/sessionInfo.txt	35d923e901a0259070e9b78ed0a9fd8bac723d1f912afcf1f3df8e77c58a195b
inferCNV	compiler	4.3.3	historical successful-run session	inferCNV_CID4465_20260908_171228.tar.gz::CID4465/sessionInfo.txt	35d923e901a0259070e9b78ed0a9fd8bac723d1f912afcf1f3df8e77c58a195b
inferCNV	futile.options	1.0.1	historical successful-run session	inferCNV_CID4465_20260908_171228.tar.gz::CID4465/sessionInfo.txt	35d923e901a0259070e9b78ed0a9fd8bac723d1f912afcf1f3df8e77c58a195b
inferCNV	rlang	1.3.0	historical successful-run session	inferCNV_CID4465_20260908_171228.tar.gz::CID4465/sessionInfo.txt	35d923e901a0259070e9b78ed0a9fd8bac723d1f912afcf1f3df8e77c58a195b
inferCNV	crayon	1.5.3	historical successful-run session	inferCNV_CID4465_20260908_171228.tar.gz::CID4465/sessionInfo.txt	35d923e901a0259070e9b78ed0a9fd8bac723d1f912afcf1f3df8e77c58a195b
inferCNV	future.apply	1.20.2	historical successful-run session	inferCNV_CID4465_20260908_171228.tar.gz::CID4465/sessionInfo.txt	35d923e901a0259070e9b78ed0a9fd8bac723d1f912afcf1f3df8e77c58a195b
inferCNV	labeling	0.4.3	historical successful-run session	inferCNV_CID4465_20260908_171228.tar.gz::CID4465/sessionInfo.txt	35d923e901a0259070e9b78ed0a9fd8bac723d1f912afcf1f3df8e77c58a195b
inferCNV	argparse	2.3.1	historical successful-run session	inferCNV_CID4465_20260908_171228.tar.gz::CID4465/sessionInfo.txt	35d923e901a0259070e9b78ed0a9fd8bac723d1f912afcf1f3df8e77c58a195b
inferCNV	plyr	1.8.9	historical successful-run session	inferCNV_CID4465_20260908_171228.tar.gz::CID4465/sessionInfo.txt	35d923e901a0259070e9b78ed0a9fd8bac723d1f912afcf1f3df8e77c58a195b
inferCNV	stringi	1.8.7	historical successful-run session	inferCNV_CID4465_20260908_171228.tar.gz::CID4465/sessionInfo.txt	35d923e901a0259070e9b78ed0a9fd8bac723d1f912afcf1f3df8e77c58a195b
inferCNV	viridisLite	0.4.3	historical successful-run session	inferCNV_CID4465_20260908_171228.tar.gz::CID4465/sessionInfo.txt	35d923e901a0259070e9b78ed0a9fd8bac723d1f912afcf1f3df8e77c58a195b
inferCNV	deldir	2.0-4	historical successful-run session	inferCNV_CID4465_20260908_171228.tar.gz::CID4465/sessionInfo.txt	35d923e901a0259070e9b78ed0a9fd8bac723d1f912afcf1f3df8e77c58a195b
inferCNV	spatstat.geom	3.8-2	historical successful-run session	inferCNV_CID4465_20260908_171228.tar.gz::CID4465/sessionInfo.txt	35d923e901a0259070e9b78ed0a9fd8bac723d1f912afcf1f3df8e77c58a195b
inferCNV	Matrix	1.6-5	historical successful-run session	inferCNV_CID4465_20260908_171228.tar.gz::CID4465/sessionInfo.txt	35d923e901a0259070e9b78ed0a9fd8bac723d1f912afcf1f3df8e77c58a195b
inferCNV	RcppHNSW	0.7.0	historical successful-run session	inferCNV_CID4465_20260908_171228.tar.gz::CID4465/sessionInfo.txt	35d923e901a0259070e9b78ed0a9fd8bac723d1f912afcf1f3df8e77c58a195b
inferCNV	patchwork	1.3.2	historical successful-run session	inferCNV_CID4465_20260908_171228.tar.gz::CID4465/sessionInfo.txt	35d923e901a0259070e9b78ed0a9fd8bac723d1f912afcf1f3df8e77c58a195b
inferCNV	ggplot2	4.0.3	historical successful-run session	inferCNV_CID4465_20260908_171228.tar.gz::CID4465/sessionInfo.txt	35d923e901a0259070e9b78ed0a9fd8bac723d1f912afcf1f3df8e77c58a195b
inferCNV	statmod	1.5.2	historical successful-run session	inferCNV_CID4465_20260908_171228.tar.gz::CID4465/sessionInfo.txt	35d923e901a0259070e9b78ed0a9fd8bac723d1f912afcf1f3df8e77c58a195b
inferCNV	shiny	1.14.0	historical successful-run session	inferCNV_CID4465_20260908_171228.tar.gz::CID4465/sessionInfo.txt	35d923e901a0259070e9b78ed0a9fd8bac723d1f912afcf1f3df8e77c58a195b
inferCNV	SummarizedExperiment	1.32.0	historical successful-run session	inferCNV_CID4465_20260908_171228.tar.gz::CID4465/sessionInfo.txt	35d923e901a0259070e9b78ed0a9fd8bac723d1f912afcf1f3df8e77c58a195b
inferCNV	ROCR	1.0-12	historical successful-run session	inferCNV_CID4465_20260908_171228.tar.gz::CID4465/sessionInfo.txt	35d923e901a0259070e9b78ed0a9fd8bac723d1f912afcf1f3df8e77c58a195b
inferCNV	igraph	2.3.3	historical successful-run session	inferCNV_CID4465_20260908_171228.tar.gz::CID4465/sessionInfo.txt	35d923e901a0259070e9b78ed0a9fd8bac723d1f912afcf1f3df8e77c58a195b
inferCNV	RcppParallel	6.2.0	historical successful-run session	inferCNV_CID4465_20260908_171228.tar.gz::CID4465/sessionInfo.txt	35d923e901a0259070e9b78ed0a9fd8bac723d1f912afcf1f3df8e77c58a195b
inferCNV	ape	5.8-1	historical successful-run session	inferCNV_CID4465_20260908_171228.tar.gz::CID4465/sessionInfo.txt	35d923e901a0259070e9b78ed0a9fd8bac723d1f912afcf1f3df8e77c58a195b
inferCNV	R	4.3.3	historical successful-run session	inferCNV_CID4465_20260908_171228.tar.gz::CID4465/sessionInfo.txt	35d923e901a0259070e9b78ed0a9fd8bac723d1f912afcf1f3df8e77c58a195b
inferCNV	x86	64-pc-linux-gnu	historical successful-run session	inferCNV_CID4523_20260908_144151.tar.gz::CID4523/sessionInfo.txt	35d923e901a0259070e9b78ed0a9fd8bac723d1f912afcf1f3df8e77c58a195b
inferCNV	x86	64-linux-gnu	historical successful-run session	inferCNV_CID4523_20260908_144151.tar.gz::CID4523/sessionInfo.txt	35d923e901a0259070e9b78ed0a9fd8bac723d1f912afcf1f3df8e77c58a195b
inferCNV	x86	64-linux-gnu	historical successful-run session	inferCNV_CID4523_20260908_144151.tar.gz::CID4523/sessionInfo.txt	35d923e901a0259070e9b78ed0a9fd8bac723d1f912afcf1f3df8e77c58a195b
inferCNV	future	1.75.0	historical successful-run session	inferCNV_CID4523_20260908_144151.tar.gz::CID4523/sessionInfo.txt	35d923e901a0259070e9b78ed0a9fd8bac723d1f912afcf1f3df8e77c58a195b
inferCNV	RcppAnnoy	0.0.23	historical successful-run session	inferCNV_CID4523_20260908_144151.tar.gz::CID4523/sessionInfo.txt	35d923e901a0259070e9b78ed0a9fd8bac723d1f912afcf1f3df8e77c58a195b
inferCNV	splines	4.3.3	historical successful-run session	inferCNV_CID4523_20260908_144151.tar.gz::CID4523/sessionInfo.txt	35d923e901a0259070e9b78ed0a9fd8bac723d1f912afcf1f3df8e77c58a195b
inferCNV	later	1.4.8	historical successful-run session	inferCNV_CID4523_20260908_144151.tar.gz::CID4523/sessionInfo.txt	35d923e901a0259070e9b78ed0a9fd8bac723d1f912afcf1f3df8e77c58a195b
inferCNV	bitops	1.0-9	historical successful-run session	inferCNV_CID4523_20260908_144151.tar.gz::CID4523/sessionInfo.txt	35d923e901a0259070e9b78ed0a9fd8bac723d1f912afcf1f3df8e77c58a195b
inferCNV	tibble	3.3.1	historical successful-run session	inferCNV_CID4523_20260908_144151.tar.gz::CID4523/sessionInfo.txt	35d923e901a0259070e9b78ed0a9fd8bac723d1f912afcf1f3df8e77c58a195b
inferCNV	polyclip	1.10-7	historical successful-run session	inferCNV_CID4523_20260908_144151.tar.gz::CID4523/sessionInfo.txt	35d923e901a0259070e9b78ed0a9fd8bac723d1f912afcf1f3df8e77c58a195b
inferCNV	fastDummies	1.7.6	historical successful-run session	inferCNV_CID4523_20260908_144151.tar.gz::CID4523/sessionInfo.txt	35d923e901a0259070e9b78ed0a9fd8bac723d1f912afcf1f3df8e77c58a195b
inferCNV	lifecycle	1.0.5	historical successful-run session	inferCNV_CID4523_20260908_144151.tar.gz::CID4523/sessionInfo.txt	35d923e901a0259070e9b78ed0a9fd8bac723d1f912afcf1f3df8e77c58a195b
inferCNV	fastcluster	1.3.0	historical successful-run session	inferCNV_CID4523_20260908_144151.tar.gz::CID4523/sessionInfo.txt	35d923e901a0259070e9b78ed0a9fd8bac723d1f912afcf1f3df8e77c58a195b
inferCNV	edgeR	4.0.16	historical successful-run session	inferCNV_CID4523_20260908_144151.tar.gz::CID4523/sessionInfo.txt	35d923e901a0259070e9b78ed0a9fd8bac723d1f912afcf1f3df8e77c58a195b
inferCNV	doParallel	1.0.17	historical successful-run session	inferCNV_CID4523_20260908_144151.tar.gz::CID4523/sessionInfo.txt	35d923e901a0259070e9b78ed0a9fd8bac723d1f912afcf1f3df8e77c58a195b
inferCNV	globals	0.19.1	historical successful-run session	inferCNV_CID4523_20260908_144151.tar.gz::CID4523/sessionInfo.txt	35d923e901a0259070e9b78ed0a9fd8bac723d1f912afcf1f3df8e77c58a195b
inferCNV	lattice	0.22-5	historical successful-run session	inferCNV_CID4523_20260908_144151.tar.gz::CID4523/sessionInfo.txt	35d923e901a0259070e9b78ed0a9fd8bac723d1f912afcf1f3df8e77c58a195b
inferCNV	MASS	7.3-60.0.1	historical successful-run session	inferCNV_CID4523_20260908_144151.tar.gz::CID4523/sessionInfo.txt	35d923e901a0259070e9b78ed0a9fd8bac723d1f912afcf1f3df8e77c58a195b
inferCNV	magrittr	2.0.5	historical successful-run session	inferCNV_CID4523_20260908_144151.tar.gz::CID4523/sessionInfo.txt	35d923e901a0259070e9b78ed0a9fd8bac723d1f912afcf1f3df8e77c58a195b
inferCNV	limma	3.58.1	historical successful-run session	inferCNV_CID4523_20260908_144151.tar.gz::CID4523/sessionInfo.txt	35d923e901a0259070e9b78ed0a9fd8bac723d1f912afcf1f3df8e77c58a195b
inferCNV	plotly	4.12.1	historical successful-run session	inferCNV_CID4523_20260908_144151.tar.gz::CID4523/sessionInfo.txt	35d923e901a0259070e9b78ed0a9fd8bac723d1f912afcf1f3df8e77c58a195b
inferCNV	httpuv	1.6.17	historical successful-run session	inferCNV_CID4523_20260908_144151.tar.gz::CID4523/sessionInfo.txt	35d923e901a0259070e9b78ed0a9fd8bac723d1f912afcf1f3df8e77c58a195b
inferCNV	otel	0.2.0	historical successful-run session	inferCNV_CID4523_20260908_144151.tar.gz::CID4523/sessionInfo.txt	35d923e901a0259070e9b78ed0a9fd8bac723d1f912afcf1f3df8e77c58a195b
inferCNV	Seurat	5.5.1	historical successful-run session	inferCNV_CID4523_20260908_144151.tar.gz::CID4523/sessionInfo.txt	35d923e901a0259070e9b78ed0a9fd8bac723d1f912afcf1f3df8e77c58a195b
inferCNV	sctransform	0.4.3	historical successful-run session	inferCNV_CID4523_20260908_144151.tar.gz::CID4523/sessionInfo.txt	35d923e901a0259070e9b78ed0a9fd8bac723d1f912afcf1f3df8e77c58a195b
inferCNV	spam	2.11-4	historical successful-run session	inferCNV_CID4523_20260908_144151.tar.gz::CID4523/sessionInfo.txt	35d923e901a0259070e9b78ed0a9fd8bac723d1f912afcf1f3df8e77c58a195b
inferCNV	sp	2.2-3	historical successful-run session	inferCNV_CID4523_20260908_144151.tar.gz::CID4523/sessionInfo.txt	35d923e901a0259070e9b78ed0a9fd8bac723d1f912afcf1f3df8e77c58a195b
inferCNV	spatstat.sparse	3.2-0	historical successful-run session	inferCNV_CID4523_20260908_144151.tar.gz::CID4523/sessionInfo.txt	35d923e901a0259070e9b78ed0a9fd8bac723d1f912afcf1f3df8e77c58a195b
inferCNV	reticulate	1.46.0	historical successful-run session	inferCNV_CID4523_20260908_144151.tar.gz::CID4523/sessionInfo.txt	35d923e901a0259070e9b78ed0a9fd8bac723d1f912afcf1f3df8e77c58a195b
inferCNV	cowplot	1.2.0	historical successful-run session	inferCNV_CID4523_20260908_144151.tar.gz::CID4523/sessionInfo.txt	35d923e901a0259070e9b78ed0a9fd8bac723d1f912afcf1f3df8e77c58a195b
inferCNV	pbapply	1.7-4	historical successful-run session	inferCNV_CID4523_20260908_144151.tar.gz::CID4523/sessionInfo.txt	35d923e901a0259070e9b78ed0a9fd8bac723d1f912afcf1f3df8e77c58a195b
inferCNV	RColorBrewer	1.1-3	historical successful-run session	inferCNV_CID4523_20260908_144151.tar.gz::CID4523/sessionInfo.txt	35d923e901a0259070e9b78ed0a9fd8bac723d1f912afcf1f3df8e77c58a195b
inferCNV	multcomp	1.4-31	historical successful-run session	inferCNV_CID4523_20260908_144151.tar.gz::CID4523/sessionInfo.txt	35d923e901a0259070e9b78ed0a9fd8bac723d1f912afcf1f3df8e77c58a195b
inferCNV	abind	1.4-8	historical successful-run session	inferCNV_CID4523_20260908_144151.tar.gz::CID4523/sessionInfo.txt	35d923e901a0259070e9b78ed0a9fd8bac723d1f912afcf1f3df8e77c58a195b
inferCNV	zlibbioc	1.48.2	historical successful-run session	inferCNV_CID4523_20260908_144151.tar.gz::CID4523/sessionInfo.txt	35d923e901a0259070e9b78ed0a9fd8bac723d1f912afcf1f3df8e77c58a195b
inferCNV	Rtsne	0.17	historical successful-run session	inferCNV_CID4523_20260908_144151.tar.gz::CID4523/sessionInfo.txt	35d923e901a0259070e9b78ed0a9fd8bac723d1f912afcf1f3df8e77c58a195b
inferCNV	GenomicRanges	1.54.1	historical successful-run session	inferCNV_CID4523_20260908_144151.tar.gz::CID4523/sessionInfo.txt	35d923e901a0259070e9b78ed0a9fd8bac723d1f912afcf1f3df8e77c58a195b
inferCNV	purrr	1.2.2	historical successful-run session	inferCNV_CID4523_20260908_144151.tar.gz::CID4523/sessionInfo.txt	35d923e901a0259070e9b78ed0a9fd8bac723d1f912afcf1f3df8e77c58a195b
inferCNV	BiocGenerics	0.48.1	historical successful-run session	inferCNV_CID4523_20260908_144151.tar.gz::CID4523/sessionInfo.txt	35d923e901a0259070e9b78ed0a9fd8bac723d1f912afcf1f3df8e77c58a195b
inferCNV	RCurl	1.98-1.19	historical successful-run session	inferCNV_CID4523_20260908_144151.tar.gz::CID4523/sessionInfo.txt	35d923e901a0259070e9b78ed0a9fd8bac723d1f912afcf1f3df8e77c58a195b
inferCNV	TH.data	1.1-5	historical successful-run session	inferCNV_CID4523_20260908_144151.tar.gz::CID4523/sessionInfo.txt	35d923e901a0259070e9b78ed0a9fd8bac723d1f912afcf1f3df8e77c58a195b
inferCNV	sandwich	3.1-2	historical successful-run session	inferCNV_CID4523_20260908_144151.tar.gz::CID4523/sessionInfo.txt	35d923e901a0259070e9b78ed0a9fd8bac723d1f912afcf1f3df8e77c58a195b
inferCNV	GenomeInfoDbData	1.2.11	historical successful-run session	inferCNV_CID4523_20260908_144151.tar.gz::CID4523/sessionInfo.txt	35d923e901a0259070e9b78ed0a9fd8bac723d1f912afcf1f3df8e77c58a195b
inferCNV	IRanges	2.36.0	historical successful-run session	inferCNV_CID4523_20260908_144151.tar.gz::CID4523/sessionInfo.txt	35d923e901a0259070e9b78ed0a9fd8bac723d1f912afcf1f3df8e77c58a195b
inferCNV	S4Vectors	0.40.2	historical successful-run session	inferCNV_CID4523_20260908_144151.tar.gz::CID4523/sessionInfo.txt	35d923e901a0259070e9b78ed0a9fd8bac723d1f912afcf1f3df8e77c58a195b
inferCNV	ggrepel	0.9.8	historical successful-run session	inferCNV_CID4523_20260908_144151.tar.gz::CID4523/sessionInfo.txt	35d923e901a0259070e9b78ed0a9fd8bac723d1f912afcf1f3df8e77c58a195b
inferCNV	irlba	2.3.7	historical successful-run session	inferCNV_CID4523_20260908_144151.tar.gz::CID4523/sessionInfo.txt	35d923e901a0259070e9b78ed0a9fd8bac723d1f912afcf1f3df8e77c58a195b
inferCNV	listenv	1.0.0	historical successful-run session	inferCNV_CID4523_20260908_144151.tar.gz::CID4523/sessionInfo.txt	35d923e901a0259070e9b78ed0a9fd8bac723d1f912afcf1f3df8e77c58a195b
inferCNV	spatstat.utils	3.2-4	historical successful-run session	inferCNV_CID4523_20260908_144151.tar.gz::CID4523/sessionInfo.txt	35d923e901a0259070e9b78ed0a9fd8bac723d1f912afcf1f3df8e77c58a195b
inferCNV	goftest	1.2-3	historical successful-run session	inferCNV_CID4523_20260908_144151.tar.gz::CID4523/sessionInfo.txt	35d923e901a0259070e9b78ed0a9fd8bac723d1f912afcf1f3df8e77c58a195b
inferCNV	RSpectra	0.16-2	historical successful-run session	inferCNV_CID4523_20260908_144151.tar.gz::CID4523/sessionInfo.txt	35d923e901a0259070e9b78ed0a9fd8bac723d1f912afcf1f3df8e77c58a195b
inferCNV	spatstat.random	3.5-1	historical successful-run session	inferCNV_CID4523_20260908_144151.tar.gz::CID4523/sessionInfo.txt	35d923e901a0259070e9b78ed0a9fd8bac723d1f912afcf1f3df8e77c58a195b
inferCNV	fitdistrplus	1.2-6	historical successful-run session	inferCNV_CID4523_20260908_144151.tar.gz::CID4523/sessionInfo.txt	35d923e901a0259070e9b78ed0a9fd8bac723d1f912afcf1f3df8e77c58a195b
inferCNV	parallelly	1.48.0	historical successful-run session	inferCNV_CID4523_20260908_144151.tar.gz::CID4523/sessionInfo.txt	35d923e901a0259070e9b78ed0a9fd8bac723d1f912afcf1f3df8e77c58a195b
inferCNV	codetools	0.2-19	historical successful-run session	inferCNV_CID4523_20260908_144151.tar.gz::CID4523/sessionInfo.txt	35d923e901a0259070e9b78ed0a9fd8bac723d1f912afcf1f3df8e77c58a195b
inferCNV	coin	1.4-5	historical successful-run session	inferCNV_CID4523_20260908_144151.tar.gz::CID4523/sessionInfo.txt	35d923e901a0259070e9b78ed0a9fd8bac723d1f912afcf1f3df8e77c58a195b
inferCNV	DelayedArray	0.28.0	historical successful-run session	inferCNV_CID4523_20260908_144151.tar.gz::CID4523/sessionInfo.txt	35d923e901a0259070e9b78ed0a9fd8bac723d1f912afcf1f3df8e77c58a195b
inferCNV	tidyselect	1.2.1	historical successful-run session	inferCNV_CID4523_20260908_144151.tar.gz::CID4523/sessionInfo.txt	35d923e901a0259070e9b78ed0a9fd8bac723d1f912afcf1f3df8e77c58a195b
inferCNV	futile.logger	1.4.9	historical successful-run session	inferCNV_CID4523_20260908_144151.tar.gz::CID4523/sessionInfo.txt	35d923e901a0259070e9b78ed0a9fd8bac723d1f912afcf1f3df8e77c58a195b
inferCNV	farver	2.1.2	historical successful-run session	inferCNV_CID4523_20260908_144151.tar.gz::CID4523/sessionInfo.txt	35d923e901a0259070e9b78ed0a9fd8bac723d1f912afcf1f3df8e77c58a195b
inferCNV	rjags	4-17	historical successful-run session	inferCNV_CID4523_20260908_144151.tar.gz::CID4523/sessionInfo.txt	35d923e901a0259070e9b78ed0a9fd8bac723d1f912afcf1f3df8e77c58a195b
inferCNV	matrixStats	1.5.0	historical successful-run session	inferCNV_CID4523_20260908_144151.tar.gz::CID4523/sessionInfo.txt	35d923e901a0259070e9b78ed0a9fd8bac723d1f912afcf1f3df8e77c58a195b
inferCNV	stats4	4.3.3	historical successful-run session	inferCNV_CID4523_20260908_144151.tar.gz::CID4523/sessionInfo.txt	35d923e901a0259070e9b78ed0a9fd8bac723d1f912afcf1f3df8e77c58a195b
inferCNV	spatstat.explore	3.8-2	historical successful-run session	inferCNV_CID4523_20260908_144151.tar.gz::CID4523/sessionInfo.txt	35d923e901a0259070e9b78ed0a9fd8bac723d1f912afcf1f3df8e77c58a195b
inferCNV	jsonlite	2.0.0	historical successful-run session	inferCNV_CID4523_20260908_144151.tar.gz::CID4523/sessionInfo.txt	35d923e901a0259070e9b78ed0a9fd8bac723d1f912afcf1f3df8e77c58a195b
inferCNV	progressr	1.0.0	historical successful-run session	inferCNV_CID4523_20260908_144151.tar.gz::CID4523/sessionInfo.txt	35d923e901a0259070e9b78ed0a9fd8bac723d1f912afcf1f3df8e77c58a195b
inferCNV	ggridges	0.5.7	historical successful-run session	inferCNV_CID4523_20260908_144151.tar.gz::CID4523/sessionInfo.txt	35d923e901a0259070e9b78ed0a9fd8bac723d1f912afcf1f3df8e77c58a195b
inferCNV	survival	3.5-8	historical successful-run session	inferCNV_CID4523_20260908_144151.tar.gz::CID4523/sessionInfo.txt	35d923e901a0259070e9b78ed0a9fd8bac723d1f912afcf1f3df8e77c58a195b
inferCNV	iterators	1.0.14	historical successful-run session	inferCNV_CID4523_20260908_144151.tar.gz::CID4523/sessionInfo.txt	35d923e901a0259070e9b78ed0a9fd8bac723d1f912afcf1f3df8e77c58a195b
inferCNV	foreach	1.5.2	historical successful-run session	inferCNV_CID4523_20260908_144151.tar.gz::CID4523/sessionInfo.txt	35d923e901a0259070e9b78ed0a9fd8bac723d1f912afcf1f3df8e77c58a195b
inferCNV	tools	4.3.3	historical successful-run session	inferCNV_CID4523_20260908_144151.tar.gz::CID4523/sessionInfo.txt	35d923e901a0259070e9b78ed0a9fd8bac723d1f912afcf1f3df8e77c58a195b
inferCNV	ica	1.0-3	historical successful-run session	inferCNV_CID4523_20260908_144151.tar.gz::CID4523/sessionInfo.txt	35d923e901a0259070e9b78ed0a9fd8bac723d1f912afcf1f3df8e77c58a195b
inferCNV	Rcpp	1.1.2	historical successful-run session	inferCNV_CID4523_20260908_144151.tar.gz::CID4523/sessionInfo.txt	35d923e901a0259070e9b78ed0a9fd8bac723d1f912afcf1f3df8e77c58a195b
inferCNV	glue	1.8.1	historical successful-run session	inferCNV_CID4523_20260908_144151.tar.gz::CID4523/sessionInfo.txt	35d923e901a0259070e9b78ed0a9fd8bac723d1f912afcf1f3df8e77c58a195b
inferCNV	gridExtra	2.3.1	historical successful-run session	inferCNV_CID4523_20260908_144151.tar.gz::CID4523/sessionInfo.txt	35d923e901a0259070e9b78ed0a9fd8bac723d1f912afcf1f3df8e77c58a195b
inferCNV	SparseArray	1.2.4	historical successful-run session	inferCNV_CID4523_20260908_144151.tar.gz::CID4523/sessionInfo.txt	35d923e901a0259070e9b78ed0a9fd8bac723d1f912afcf1f3df8e77c58a195b
inferCNV	MatrixGenerics	1.14.0	historical successful-run session	inferCNV_CID4523_20260908_144151.tar.gz::CID4523/sessionInfo.txt	35d923e901a0259070e9b78ed0a9fd8bac723d1f912afcf1f3df8e77c58a195b
inferCNV	GenomeInfoDb	1.38.8	historical successful-run session	inferCNV_CID4523_20260908_144151.tar.gz::CID4523/sessionInfo.txt	35d923e901a0259070e9b78ed0a9fd8bac723d1f912afcf1f3df8e77c58a195b
inferCNV	dplyr	1.2.1	historical successful-run session	inferCNV_CID4523_20260908_144151.tar.gz::CID4523/sessionInfo.txt	35d923e901a0259070e9b78ed0a9fd8bac723d1f912afcf1f3df8e77c58a195b
inferCNV	withr	3.0.3	historical successful-run session	inferCNV_CID4523_20260908_144151.tar.gz::CID4523/sessionInfo.txt	35d923e901a0259070e9b78ed0a9fd8bac723d1f912afcf1f3df8e77c58a195b
inferCNV	formatR	1.14	historical successful-run session	inferCNV_CID4523_20260908_144151.tar.gz::CID4523/sessionInfo.txt	35d923e901a0259070e9b78ed0a9fd8bac723d1f912afcf1f3df8e77c58a195b
inferCNV	fastmap	1.2.0	historical successful-run session	inferCNV_CID4523_20260908_144151.tar.gz::CID4523/sessionInfo.txt	35d923e901a0259070e9b78ed0a9fd8bac723d1f912afcf1f3df8e77c58a195b
inferCNV	caTools	1.18.4	historical successful-run session	inferCNV_CID4523_20260908_144151.tar.gz::CID4523/sessionInfo.txt	35d923e901a0259070e9b78ed0a9fd8bac723d1f912afcf1f3df8e77c58a195b
inferCNV	digest	0.6.39	historical successful-run session	inferCNV_CID4523_20260908_144151.tar.gz::CID4523/sessionInfo.txt	35d923e901a0259070e9b78ed0a9fd8bac723d1f912afcf1f3df8e77c58a195b
inferCNV	parallelDist	0.2.7	historical successful-run session	inferCNV_CID4523_20260908_144151.tar.gz::CID4523/sessionInfo.txt	35d923e901a0259070e9b78ed0a9fd8bac723d1f912afcf1f3df8e77c58a195b
inferCNV	R6	2.6.1	historical successful-run session	inferCNV_CID4523_20260908_144151.tar.gz::CID4523/sessionInfo.txt	35d923e901a0259070e9b78ed0a9fd8bac723d1f912afcf1f3df8e77c58a195b
inferCNV	mime	0.13	historical successful-run session	inferCNV_CID4523_20260908_144151.tar.gz::CID4523/sessionInfo.txt	35d923e901a0259070e9b78ed0a9fd8bac723d1f912afcf1f3df8e77c58a195b
inferCNV	scattermore	1.2	historical successful-run session	inferCNV_CID4523_20260908_144151.tar.gz::CID4523/sessionInfo.txt	35d923e901a0259070e9b78ed0a9fd8bac723d1f912afcf1f3df8e77c58a195b
inferCNV	gtools	3.9.5	historical successful-run session	inferCNV_CID4523_20260908_144151.tar.gz::CID4523/sessionInfo.txt	35d923e901a0259070e9b78ed0a9fd8bac723d1f912afcf1f3df8e77c58a195b
inferCNV	tensor	1.5.1	historical successful-run session	inferCNV_CID4523_20260908_144151.tar.gz::CID4523/sessionInfo.txt	35d923e901a0259070e9b78ed0a9fd8bac723d1f912afcf1f3df8e77c58a195b
inferCNV	spatstat.data	3.1-9	historical successful-run session	inferCNV_CID4523_20260908_144151.tar.gz::CID4523/sessionInfo.txt	35d923e901a0259070e9b78ed0a9fd8bac723d1f912afcf1f3df8e77c58a195b
inferCNV	tidyr	1.3.2	historical successful-run session	inferCNV_CID4523_20260908_144151.tar.gz::CID4523/sessionInfo.txt	35d923e901a0259070e9b78ed0a9fd8bac723d1f912afcf1f3df8e77c58a195b
inferCNV	generics	0.1.4	historical successful-run session	inferCNV_CID4523_20260908_144151.tar.gz::CID4523/sessionInfo.txt	35d923e901a0259070e9b78ed0a9fd8bac723d1f912afcf1f3df8e77c58a195b
inferCNV	data.table	1.18.4	historical successful-run session	inferCNV_CID4523_20260908_144151.tar.gz::CID4523/sessionInfo.txt	35d923e901a0259070e9b78ed0a9fd8bac723d1f912afcf1f3df8e77c58a195b
inferCNV	httr	1.4.8	historical successful-run session	inferCNV_CID4523_20260908_144151.tar.gz::CID4523/sessionInfo.txt	35d923e901a0259070e9b78ed0a9fd8bac723d1f912afcf1f3df8e77c58a195b
inferCNV	htmlwidgets	1.6.4	historical successful-run session	inferCNV_CID4523_20260908_144151.tar.gz::CID4523/sessionInfo.txt	35d923e901a0259070e9b78ed0a9fd8bac723d1f912afcf1f3df8e77c58a195b
inferCNV	S4Arrays	1.2.1	historical successful-run session	inferCNV_CID4523_20260908_144151.tar.gz::CID4523/sessionInfo.txt	35d923e901a0259070e9b78ed0a9fd8bac723d1f912afcf1f3df8e77c58a195b
inferCNV	infercnv	1.18.1	historical successful-run session	inferCNV_CID4523_20260908_144151.tar.gz::CID4523/sessionInfo.txt	35d923e901a0259070e9b78ed0a9fd8bac723d1f912afcf1f3df8e77c58a195b
inferCNV	uwot	0.2.4	historical successful-run session	inferCNV_CID4523_20260908_144151.tar.gz::CID4523/sessionInfo.txt	35d923e901a0259070e9b78ed0a9fd8bac723d1f912afcf1f3df8e77c58a195b
inferCNV	pkgconfig	2.0.3	historical successful-run session	inferCNV_CID4523_20260908_144151.tar.gz::CID4523/sessionInfo.txt	35d923e901a0259070e9b78ed0a9fd8bac723d1f912afcf1f3df8e77c58a195b
inferCNV	gtable	0.3.6	historical successful-run session	inferCNV_CID4523_20260908_144151.tar.gz::CID4523/sessionInfo.txt	35d923e901a0259070e9b78ed0a9fd8bac723d1f912afcf1f3df8e77c58a195b
inferCNV	modeltools	0.2-24	historical successful-run session	inferCNV_CID4523_20260908_144151.tar.gz::CID4523/sessionInfo.txt	35d923e901a0259070e9b78ed0a9fd8bac723d1f912afcf1f3df8e77c58a195b
inferCNV	lmtest	0.9-40	historical successful-run session	inferCNV_CID4523_20260908_144151.tar.gz::CID4523/sessionInfo.txt	35d923e901a0259070e9b78ed0a9fd8bac723d1f912afcf1f3df8e77c58a195b
inferCNV	S7	0.2.2	historical successful-run session	inferCNV_CID4523_20260908_144151.tar.gz::CID4523/sessionInfo.txt	35d923e901a0259070e9b78ed0a9fd8bac723d1f912afcf1f3df8e77c58a195b
inferCNV	SingleCellExperiment	1.24.0	historical successful-run session	inferCNV_CID4523_20260908_144151.tar.gz::CID4523/sessionInfo.txt	35d923e901a0259070e9b78ed0a9fd8bac723d1f912afcf1f3df8e77c58a195b
inferCNV	XVector	0.42.0	historical successful-run session	inferCNV_CID4523_20260908_144151.tar.gz::CID4523/sessionInfo.txt	35d923e901a0259070e9b78ed0a9fd8bac723d1f912afcf1f3df8e77c58a195b
inferCNV	htmltools	0.5.9	historical successful-run session	inferCNV_CID4523_20260908_144151.tar.gz::CID4523/sessionInfo.txt	35d923e901a0259070e9b78ed0a9fd8bac723d1f912afcf1f3df8e77c58a195b
inferCNV	dotCall64	1.2	historical successful-run session	inferCNV_CID4523_20260908_144151.tar.gz::CID4523/sessionInfo.txt	35d923e901a0259070e9b78ed0a9fd8bac723d1f912afcf1f3df8e77c58a195b
inferCNV	HiddenMarkov	1.8-14	historical successful-run session	inferCNV_CID4523_20260908_144151.tar.gz::CID4523/sessionInfo.txt	35d923e901a0259070e9b78ed0a9fd8bac723d1f912afcf1f3df8e77c58a195b
inferCNV	SeuratObject	5.4.0	historical successful-run session	inferCNV_CID4523_20260908_144151.tar.gz::CID4523/sessionInfo.txt	35d923e901a0259070e9b78ed0a9fd8bac723d1f912afcf1f3df8e77c58a195b
inferCNV	scales	1.4.0	historical successful-run session	inferCNV_CID4523_20260908_144151.tar.gz::CID4523/sessionInfo.txt	35d923e901a0259070e9b78ed0a9fd8bac723d1f912afcf1f3df8e77c58a195b
inferCNV	Biobase	2.62.0	historical successful-run session	inferCNV_CID4523_20260908_144151.tar.gz::CID4523/sessionInfo.txt	35d923e901a0259070e9b78ed0a9fd8bac723d1f912afcf1f3df8e77c58a195b
inferCNV	png	0.1-9	historical successful-run session	inferCNV_CID4523_20260908_144151.tar.gz::CID4523/sessionInfo.txt	35d923e901a0259070e9b78ed0a9fd8bac723d1f912afcf1f3df8e77c58a195b
inferCNV	phyclust	0.1-34	historical successful-run session	inferCNV_CID4523_20260908_144151.tar.gz::CID4523/sessionInfo.txt	35d923e901a0259070e9b78ed0a9fd8bac723d1f912afcf1f3df8e77c58a195b
inferCNV	spatstat.univar	3.2-0	historical successful-run session	inferCNV_CID4523_20260908_144151.tar.gz::CID4523/sessionInfo.txt	35d923e901a0259070e9b78ed0a9fd8bac723d1f912afcf1f3df8e77c58a195b
inferCNV	lambda.r	1.2.4	historical successful-run session	inferCNV_CID4523_20260908_144151.tar.gz::CID4523/sessionInfo.txt	35d923e901a0259070e9b78ed0a9fd8bac723d1f912afcf1f3df8e77c58a195b
inferCNV	reshape2	1.4.5	historical successful-run session	inferCNV_CID4523_20260908_144151.tar.gz::CID4523/sessionInfo.txt	35d923e901a0259070e9b78ed0a9fd8bac723d1f912afcf1f3df8e77c58a195b
inferCNV	coda	0.19-4.1	historical successful-run session	inferCNV_CID4523_20260908_144151.tar.gz::CID4523/sessionInfo.txt	35d923e901a0259070e9b78ed0a9fd8bac723d1f912afcf1f3df8e77c58a195b
inferCNV	nlme	3.1-164	historical successful-run session	inferCNV_CID4523_20260908_144151.tar.gz::CID4523/sessionInfo.txt	35d923e901a0259070e9b78ed0a9fd8bac723d1f912afcf1f3df8e77c58a195b
inferCNV	zoo	1.8-15	historical successful-run session	inferCNV_CID4523_20260908_144151.tar.gz::CID4523/sessionInfo.txt	35d923e901a0259070e9b78ed0a9fd8bac723d1f912afcf1f3df8e77c58a195b
inferCNV	stringr	1.6.0	historical successful-run session	inferCNV_CID4523_20260908_144151.tar.gz::CID4523/sessionInfo.txt	35d923e901a0259070e9b78ed0a9fd8bac723d1f912afcf1f3df8e77c58a195b
inferCNV	KernSmooth	2.23-22	historical successful-run session	inferCNV_CID4523_20260908_144151.tar.gz::CID4523/sessionInfo.txt	35d923e901a0259070e9b78ed0a9fd8bac723d1f912afcf1f3df8e77c58a195b
inferCNV	parallel	4.3.3	historical successful-run session	inferCNV_CID4523_20260908_144151.tar.gz::CID4523/sessionInfo.txt	35d923e901a0259070e9b78ed0a9fd8bac723d1f912afcf1f3df8e77c58a195b
inferCNV	miniUI	0.1.2	historical successful-run session	inferCNV_CID4523_20260908_144151.tar.gz::CID4523/sessionInfo.txt	35d923e901a0259070e9b78ed0a9fd8bac723d1f912afcf1f3df8e77c58a195b
inferCNV	libcoin	1.0-13	historical successful-run session	inferCNV_CID4523_20260908_144151.tar.gz::CID4523/sessionInfo.txt	35d923e901a0259070e9b78ed0a9fd8bac723d1f912afcf1f3df8e77c58a195b
inferCNV	pillar	1.11.1	historical successful-run session	inferCNV_CID4523_20260908_144151.tar.gz::CID4523/sessionInfo.txt	35d923e901a0259070e9b78ed0a9fd8bac723d1f912afcf1f3df8e77c58a195b
inferCNV	grid	4.3.3	historical successful-run session	inferCNV_CID4523_20260908_144151.tar.gz::CID4523/sessionInfo.txt	35d923e901a0259070e9b78ed0a9fd8bac723d1f912afcf1f3df8e77c58a195b
inferCNV	vctrs	0.7.3	historical successful-run session	inferCNV_CID4523_20260908_144151.tar.gz::CID4523/sessionInfo.txt	35d923e901a0259070e9b78ed0a9fd8bac723d1f912afcf1f3df8e77c58a195b
inferCNV	RANN	2.6.2	historical successful-run session	inferCNV_CID4523_20260908_144151.tar.gz::CID4523/sessionInfo.txt	35d923e901a0259070e9b78ed0a9fd8bac723d1f912afcf1f3df8e77c58a195b
inferCNV	gplots	3.3.0	historical successful-run session	inferCNV_CID4523_20260908_144151.tar.gz::CID4523/sessionInfo.txt	35d923e901a0259070e9b78ed0a9fd8bac723d1f912afcf1f3df8e77c58a195b
inferCNV	promises	1.5.0	historical successful-run session	inferCNV_CID4523_20260908_144151.tar.gz::CID4523/sessionInfo.txt	35d923e901a0259070e9b78ed0a9fd8bac723d1f912afcf1f3df8e77c58a195b
inferCNV	xtable	1.8-8	historical successful-run session	inferCNV_CID4523_20260908_144151.tar.gz::CID4523/sessionInfo.txt	35d923e901a0259070e9b78ed0a9fd8bac723d1f912afcf1f3df8e77c58a195b
inferCNV	cluster	2.1.6	historical successful-run session	inferCNV_CID4523_20260908_144151.tar.gz::CID4523/sessionInfo.txt	35d923e901a0259070e9b78ed0a9fd8bac723d1f912afcf1f3df8e77c58a195b
inferCNV	mvtnorm	1.4-2	historical successful-run session	inferCNV_CID4523_20260908_144151.tar.gz::CID4523/sessionInfo.txt	35d923e901a0259070e9b78ed0a9fd8bac723d1f912afcf1f3df8e77c58a195b
inferCNV	cli	3.6.6	historical successful-run session	inferCNV_CID4523_20260908_144151.tar.gz::CID4523/sessionInfo.txt	35d923e901a0259070e9b78ed0a9fd8bac723d1f912afcf1f3df8e77c58a195b
inferCNV	locfit	1.5-9.12	historical successful-run session	inferCNV_CID4523_20260908_144151.tar.gz::CID4523/sessionInfo.txt	35d923e901a0259070e9b78ed0a9fd8bac723d1f912afcf1f3df8e77c58a195b
inferCNV	compiler	4.3.3	historical successful-run session	inferCNV_CID4523_20260908_144151.tar.gz::CID4523/sessionInfo.txt	35d923e901a0259070e9b78ed0a9fd8bac723d1f912afcf1f3df8e77c58a195b
inferCNV	futile.options	1.0.1	historical successful-run session	inferCNV_CID4523_20260908_144151.tar.gz::CID4523/sessionInfo.txt	35d923e901a0259070e9b78ed0a9fd8bac723d1f912afcf1f3df8e77c58a195b
inferCNV	rlang	1.3.0	historical successful-run session	inferCNV_CID4523_20260908_144151.tar.gz::CID4523/sessionInfo.txt	35d923e901a0259070e9b78ed0a9fd8bac723d1f912afcf1f3df8e77c58a195b
inferCNV	crayon	1.5.3	historical successful-run session	inferCNV_CID4523_20260908_144151.tar.gz::CID4523/sessionInfo.txt	35d923e901a0259070e9b78ed0a9fd8bac723d1f912afcf1f3df8e77c58a195b
inferCNV	future.apply	1.20.2	historical successful-run session	inferCNV_CID4523_20260908_144151.tar.gz::CID4523/sessionInfo.txt	35d923e901a0259070e9b78ed0a9fd8bac723d1f912afcf1f3df8e77c58a195b
inferCNV	labeling	0.4.3	historical successful-run session	inferCNV_CID4523_20260908_144151.tar.gz::CID4523/sessionInfo.txt	35d923e901a0259070e9b78ed0a9fd8bac723d1f912afcf1f3df8e77c58a195b
inferCNV	argparse	2.3.1	historical successful-run session	inferCNV_CID4523_20260908_144151.tar.gz::CID4523/sessionInfo.txt	35d923e901a0259070e9b78ed0a9fd8bac723d1f912afcf1f3df8e77c58a195b
inferCNV	plyr	1.8.9	historical successful-run session	inferCNV_CID4523_20260908_144151.tar.gz::CID4523/sessionInfo.txt	35d923e901a0259070e9b78ed0a9fd8bac723d1f912afcf1f3df8e77c58a195b
inferCNV	stringi	1.8.7	historical successful-run session	inferCNV_CID4523_20260908_144151.tar.gz::CID4523/sessionInfo.txt	35d923e901a0259070e9b78ed0a9fd8bac723d1f912afcf1f3df8e77c58a195b
inferCNV	viridisLite	0.4.3	historical successful-run session	inferCNV_CID4523_20260908_144151.tar.gz::CID4523/sessionInfo.txt	35d923e901a0259070e9b78ed0a9fd8bac723d1f912afcf1f3df8e77c58a195b
inferCNV	deldir	2.0-4	historical successful-run session	inferCNV_CID4523_20260908_144151.tar.gz::CID4523/sessionInfo.txt	35d923e901a0259070e9b78ed0a9fd8bac723d1f912afcf1f3df8e77c58a195b
inferCNV	spatstat.geom	3.8-2	historical successful-run session	inferCNV_CID4523_20260908_144151.tar.gz::CID4523/sessionInfo.txt	35d923e901a0259070e9b78ed0a9fd8bac723d1f912afcf1f3df8e77c58a195b
inferCNV	Matrix	1.6-5	historical successful-run session	inferCNV_CID4523_20260908_144151.tar.gz::CID4523/sessionInfo.txt	35d923e901a0259070e9b78ed0a9fd8bac723d1f912afcf1f3df8e77c58a195b
inferCNV	RcppHNSW	0.7.0	historical successful-run session	inferCNV_CID4523_20260908_144151.tar.gz::CID4523/sessionInfo.txt	35d923e901a0259070e9b78ed0a9fd8bac723d1f912afcf1f3df8e77c58a195b
inferCNV	patchwork	1.3.2	historical successful-run session	inferCNV_CID4523_20260908_144151.tar.gz::CID4523/sessionInfo.txt	35d923e901a0259070e9b78ed0a9fd8bac723d1f912afcf1f3df8e77c58a195b
inferCNV	ggplot2	4.0.3	historical successful-run session	inferCNV_CID4523_20260908_144151.tar.gz::CID4523/sessionInfo.txt	35d923e901a0259070e9b78ed0a9fd8bac723d1f912afcf1f3df8e77c58a195b
inferCNV	statmod	1.5.2	historical successful-run session	inferCNV_CID4523_20260908_144151.tar.gz::CID4523/sessionInfo.txt	35d923e901a0259070e9b78ed0a9fd8bac723d1f912afcf1f3df8e77c58a195b
inferCNV	shiny	1.14.0	historical successful-run session	inferCNV_CID4523_20260908_144151.tar.gz::CID4523/sessionInfo.txt	35d923e901a0259070e9b78ed0a9fd8bac723d1f912afcf1f3df8e77c58a195b
inferCNV	SummarizedExperiment	1.32.0	historical successful-run session	inferCNV_CID4523_20260908_144151.tar.gz::CID4523/sessionInfo.txt	35d923e901a0259070e9b78ed0a9fd8bac723d1f912afcf1f3df8e77c58a195b
inferCNV	ROCR	1.0-12	historical successful-run session	inferCNV_CID4523_20260908_144151.tar.gz::CID4523/sessionInfo.txt	35d923e901a0259070e9b78ed0a9fd8bac723d1f912afcf1f3df8e77c58a195b
inferCNV	igraph	2.3.3	historical successful-run session	inferCNV_CID4523_20260908_144151.tar.gz::CID4523/sessionInfo.txt	35d923e901a0259070e9b78ed0a9fd8bac723d1f912afcf1f3df8e77c58a195b
inferCNV	RcppParallel	6.2.0	historical successful-run session	inferCNV_CID4523_20260908_144151.tar.gz::CID4523/sessionInfo.txt	35d923e901a0259070e9b78ed0a9fd8bac723d1f912afcf1f3df8e77c58a195b
inferCNV	ape	5.8-1	historical successful-run session	inferCNV_CID4523_20260908_144151.tar.gz::CID4523/sessionInfo.txt	35d923e901a0259070e9b78ed0a9fd8bac723d1f912afcf1f3df8e77c58a195b
inferCNV	R	4.3.3	historical successful-run session	inferCNV_CID4523_20260908_144151.tar.gz::CID4523/sessionInfo.txt	35d923e901a0259070e9b78ed0a9fd8bac723d1f912afcf1f3df8e77c58a195b
SCEVAN	x86	64-pc-linux-gnu	historical successful-run session	SCEVAN_CID3963_20260907_122027.tar.gz::CID3963/sessionInfo.txt	db520a48c1b8bd24809988db632f3e7693b7a2f19e442fe0295f9e859c42ef4d
SCEVAN	x86	64-linux-gnu	historical successful-run session	SCEVAN_CID3963_20260907_122027.tar.gz::CID3963/sessionInfo.txt	db520a48c1b8bd24809988db632f3e7693b7a2f19e442fe0295f9e859c42ef4d
SCEVAN	x86	64-linux-gnu	historical successful-run session	SCEVAN_CID3963_20260907_122027.tar.gz::CID3963/sessionInfo.txt	db520a48c1b8bd24809988db632f3e7693b7a2f19e442fe0295f9e859c42ef4d
SCEVAN	dplyr	1.2.1	historical successful-run session	SCEVAN_CID3963_20260907_122027.tar.gz::CID3963/sessionInfo.txt	db520a48c1b8bd24809988db632f3e7693b7a2f19e442fe0295f9e859c42ef4d
SCEVAN	Matrix	1.6-5	historical successful-run session	SCEVAN_CID3963_20260907_122027.tar.gz::CID3963/sessionInfo.txt	db520a48c1b8bd24809988db632f3e7693b7a2f19e442fe0295f9e859c42ef4d
SCEVAN	RColorBrewer	1.1-3	historical successful-run session	SCEVAN_CID3963_20260907_122027.tar.gz::CID3963/sessionInfo.txt	db520a48c1b8bd24809988db632f3e7693b7a2f19e442fe0295f9e859c42ef4d
SCEVAN	parallelDist	0.2.7	historical successful-run session	SCEVAN_CID3963_20260907_122027.tar.gz::CID3963/sessionInfo.txt	db520a48c1b8bd24809988db632f3e7693b7a2f19e442fe0295f9e859c42ef4d
SCEVAN	R6	2.6.1	historical successful-run session	SCEVAN_CID3963_20260907_122027.tar.gz::CID3963/sessionInfo.txt	db520a48c1b8bd24809988db632f3e7693b7a2f19e442fe0295f9e859c42ef4d
SCEVAN	tidyselect	1.2.1	historical successful-run session	SCEVAN_CID3963_20260907_122027.tar.gz::CID3963/sessionInfo.txt	db520a48c1b8bd24809988db632f3e7693b7a2f19e442fe0295f9e859c42ef4d
SCEVAN	lattice	0.22-5	historical successful-run session	SCEVAN_CID3963_20260907_122027.tar.gz::CID3963/sessionInfo.txt	db520a48c1b8bd24809988db632f3e7693b7a2f19e442fe0295f9e859c42ef4d
SCEVAN	magrittr	2.0.5	historical successful-run session	SCEVAN_CID3963_20260907_122027.tar.gz::CID3963/sessionInfo.txt	db520a48c1b8bd24809988db632f3e7693b7a2f19e442fe0295f9e859c42ef4d
SCEVAN	glue	1.8.1	historical successful-run session	SCEVAN_CID3963_20260907_122027.tar.gz::CID3963/sessionInfo.txt	db520a48c1b8bd24809988db632f3e7693b7a2f19e442fe0295f9e859c42ef4d
SCEVAN	tibble	3.3.1	historical successful-run session	SCEVAN_CID3963_20260907_122027.tar.gz::CID3963/sessionInfo.txt	db520a48c1b8bd24809988db632f3e7693b7a2f19e442fe0295f9e859c42ef4d
SCEVAN	pkgconfig	2.0.3	historical successful-run session	SCEVAN_CID3963_20260907_122027.tar.gz::CID3963/sessionInfo.txt	db520a48c1b8bd24809988db632f3e7693b7a2f19e442fe0295f9e859c42ef4d
SCEVAN	RcppParallel	6.2.0	historical successful-run session	SCEVAN_CID3963_20260907_122027.tar.gz::CID3963/sessionInfo.txt	db520a48c1b8bd24809988db632f3e7693b7a2f19e442fe0295f9e859c42ef4d
SCEVAN	generics	0.1.4	historical successful-run session	SCEVAN_CID3963_20260907_122027.tar.gz::CID3963/sessionInfo.txt	db520a48c1b8bd24809988db632f3e7693b7a2f19e442fe0295f9e859c42ef4d
SCEVAN	lifecycle	1.0.5	historical successful-run session	SCEVAN_CID3963_20260907_122027.tar.gz::CID3963/sessionInfo.txt	db520a48c1b8bd24809988db632f3e7693b7a2f19e442fe0295f9e859c42ef4d
SCEVAN	cli	3.6.6	historical successful-run session	SCEVAN_CID3963_20260907_122027.tar.gz::CID3963/sessionInfo.txt	db520a48c1b8bd24809988db632f3e7693b7a2f19e442fe0295f9e859c42ef4d
SCEVAN	grid	4.3.3	historical successful-run session	SCEVAN_CID3963_20260907_122027.tar.gz::CID3963/sessionInfo.txt	db520a48c1b8bd24809988db632f3e7693b7a2f19e442fe0295f9e859c42ef4d
SCEVAN	vctrs	0.7.3	historical successful-run session	SCEVAN_CID3963_20260907_122027.tar.gz::CID3963/sessionInfo.txt	db520a48c1b8bd24809988db632f3e7693b7a2f19e442fe0295f9e859c42ef4d
SCEVAN	SCEVAN	1.0.3	historical successful-run session	SCEVAN_CID3963_20260907_122027.tar.gz::CID3963/sessionInfo.txt	db520a48c1b8bd24809988db632f3e7693b7a2f19e442fe0295f9e859c42ef4d
SCEVAN	compiler	4.3.3	historical successful-run session	SCEVAN_CID3963_20260907_122027.tar.gz::CID3963/sessionInfo.txt	db520a48c1b8bd24809988db632f3e7693b7a2f19e442fe0295f9e859c42ef4d
SCEVAN	tools	4.3.3	historical successful-run session	SCEVAN_CID3963_20260907_122027.tar.gz::CID3963/sessionInfo.txt	db520a48c1b8bd24809988db632f3e7693b7a2f19e442fe0295f9e859c42ef4d
SCEVAN	pillar	1.11.1	historical successful-run session	SCEVAN_CID3963_20260907_122027.tar.gz::CID3963/sessionInfo.txt	db520a48c1b8bd24809988db632f3e7693b7a2f19e442fe0295f9e859c42ef4d
SCEVAN	Rcpp	1.1.2	historical successful-run session	SCEVAN_CID3963_20260907_122027.tar.gz::CID3963/sessionInfo.txt	db520a48c1b8bd24809988db632f3e7693b7a2f19e442fe0295f9e859c42ef4d
SCEVAN	rlang	1.3.0	historical successful-run session	SCEVAN_CID3963_20260907_122027.tar.gz::CID3963/sessionInfo.txt	db520a48c1b8bd24809988db632f3e7693b7a2f19e442fe0295f9e859c42ef4d
SCEVAN	R	4.3.3	historical successful-run session	SCEVAN_CID3963_20260907_122027.tar.gz::CID3963/sessionInfo.txt	db520a48c1b8bd24809988db632f3e7693b7a2f19e442fe0295f9e859c42ef4d
SCEVAN	x86	64-pc-linux-gnu	historical successful-run session	SCEVAN_CID3963_manual.tar.gz::CID3963/sessionInfo.txt	db520a48c1b8bd24809988db632f3e7693b7a2f19e442fe0295f9e859c42ef4d
SCEVAN	x86	64-linux-gnu	historical successful-run session	SCEVAN_CID3963_manual.tar.gz::CID3963/sessionInfo.txt	db520a48c1b8bd24809988db632f3e7693b7a2f19e442fe0295f9e859c42ef4d
SCEVAN	x86	64-linux-gnu	historical successful-run session	SCEVAN_CID3963_manual.tar.gz::CID3963/sessionInfo.txt	db520a48c1b8bd24809988db632f3e7693b7a2f19e442fe0295f9e859c42ef4d
SCEVAN	dplyr	1.2.1	historical successful-run session	SCEVAN_CID3963_manual.tar.gz::CID3963/sessionInfo.txt	db520a48c1b8bd24809988db632f3e7693b7a2f19e442fe0295f9e859c42ef4d
SCEVAN	Matrix	1.6-5	historical successful-run session	SCEVAN_CID3963_manual.tar.gz::CID3963/sessionInfo.txt	db520a48c1b8bd24809988db632f3e7693b7a2f19e442fe0295f9e859c42ef4d
SCEVAN	RColorBrewer	1.1-3	historical successful-run session	SCEVAN_CID3963_manual.tar.gz::CID3963/sessionInfo.txt	db520a48c1b8bd24809988db632f3e7693b7a2f19e442fe0295f9e859c42ef4d
SCEVAN	parallelDist	0.2.7	historical successful-run session	SCEVAN_CID3963_manual.tar.gz::CID3963/sessionInfo.txt	db520a48c1b8bd24809988db632f3e7693b7a2f19e442fe0295f9e859c42ef4d
SCEVAN	R6	2.6.1	historical successful-run session	SCEVAN_CID3963_manual.tar.gz::CID3963/sessionInfo.txt	db520a48c1b8bd24809988db632f3e7693b7a2f19e442fe0295f9e859c42ef4d
SCEVAN	tidyselect	1.2.1	historical successful-run session	SCEVAN_CID3963_manual.tar.gz::CID3963/sessionInfo.txt	db520a48c1b8bd24809988db632f3e7693b7a2f19e442fe0295f9e859c42ef4d
SCEVAN	lattice	0.22-5	historical successful-run session	SCEVAN_CID3963_manual.tar.gz::CID3963/sessionInfo.txt	db520a48c1b8bd24809988db632f3e7693b7a2f19e442fe0295f9e859c42ef4d
SCEVAN	magrittr	2.0.5	historical successful-run session	SCEVAN_CID3963_manual.tar.gz::CID3963/sessionInfo.txt	db520a48c1b8bd24809988db632f3e7693b7a2f19e442fe0295f9e859c42ef4d
SCEVAN	glue	1.8.1	historical successful-run session	SCEVAN_CID3963_manual.tar.gz::CID3963/sessionInfo.txt	db520a48c1b8bd24809988db632f3e7693b7a2f19e442fe0295f9e859c42ef4d
SCEVAN	tibble	3.3.1	historical successful-run session	SCEVAN_CID3963_manual.tar.gz::CID3963/sessionInfo.txt	db520a48c1b8bd24809988db632f3e7693b7a2f19e442fe0295f9e859c42ef4d
SCEVAN	pkgconfig	2.0.3	historical successful-run session	SCEVAN_CID3963_manual.tar.gz::CID3963/sessionInfo.txt	db520a48c1b8bd24809988db632f3e7693b7a2f19e442fe0295f9e859c42ef4d
SCEVAN	RcppParallel	6.2.0	historical successful-run session	SCEVAN_CID3963_manual.tar.gz::CID3963/sessionInfo.txt	db520a48c1b8bd24809988db632f3e7693b7a2f19e442fe0295f9e859c42ef4d
SCEVAN	generics	0.1.4	historical successful-run session	SCEVAN_CID3963_manual.tar.gz::CID3963/sessionInfo.txt	db520a48c1b8bd24809988db632f3e7693b7a2f19e442fe0295f9e859c42ef4d
SCEVAN	lifecycle	1.0.5	historical successful-run session	SCEVAN_CID3963_manual.tar.gz::CID3963/sessionInfo.txt	db520a48c1b8bd24809988db632f3e7693b7a2f19e442fe0295f9e859c42ef4d
SCEVAN	cli	3.6.6	historical successful-run session	SCEVAN_CID3963_manual.tar.gz::CID3963/sessionInfo.txt	db520a48c1b8bd24809988db632f3e7693b7a2f19e442fe0295f9e859c42ef4d
SCEVAN	grid	4.3.3	historical successful-run session	SCEVAN_CID3963_manual.tar.gz::CID3963/sessionInfo.txt	db520a48c1b8bd24809988db632f3e7693b7a2f19e442fe0295f9e859c42ef4d
SCEVAN	vctrs	0.7.3	historical successful-run session	SCEVAN_CID3963_manual.tar.gz::CID3963/sessionInfo.txt	db520a48c1b8bd24809988db632f3e7693b7a2f19e442fe0295f9e859c42ef4d
SCEVAN	SCEVAN	1.0.3	historical successful-run session	SCEVAN_CID3963_manual.tar.gz::CID3963/sessionInfo.txt	db520a48c1b8bd24809988db632f3e7693b7a2f19e442fe0295f9e859c42ef4d
SCEVAN	compiler	4.3.3	historical successful-run session	SCEVAN_CID3963_manual.tar.gz::CID3963/sessionInfo.txt	db520a48c1b8bd24809988db632f3e7693b7a2f19e442fe0295f9e859c42ef4d
SCEVAN	tools	4.3.3	historical successful-run session	SCEVAN_CID3963_manual.tar.gz::CID3963/sessionInfo.txt	db520a48c1b8bd24809988db632f3e7693b7a2f19e442fe0295f9e859c42ef4d
SCEVAN	pillar	1.11.1	historical successful-run session	SCEVAN_CID3963_manual.tar.gz::CID3963/sessionInfo.txt	db520a48c1b8bd24809988db632f3e7693b7a2f19e442fe0295f9e859c42ef4d
SCEVAN	Rcpp	1.1.2	historical successful-run session	SCEVAN_CID3963_manual.tar.gz::CID3963/sessionInfo.txt	db520a48c1b8bd24809988db632f3e7693b7a2f19e442fe0295f9e859c42ef4d
SCEVAN	rlang	1.3.0	historical successful-run session	SCEVAN_CID3963_manual.tar.gz::CID3963/sessionInfo.txt	db520a48c1b8bd24809988db632f3e7693b7a2f19e442fe0295f9e859c42ef4d
SCEVAN	R	4.3.3	historical successful-run session	SCEVAN_CID3963_manual.tar.gz::CID3963/sessionInfo.txt	db520a48c1b8bd24809988db632f3e7693b7a2f19e442fe0295f9e859c42ef4d
SCEVAN	x86	64-pc-linux-gnu	historical successful-run session	SCEVAN_CID4465_20260907_211815.tar.gz::CID4465/sessionInfo.txt	db520a48c1b8bd24809988db632f3e7693b7a2f19e442fe0295f9e859c42ef4d
SCEVAN	x86	64-linux-gnu	historical successful-run session	SCEVAN_CID4465_20260907_211815.tar.gz::CID4465/sessionInfo.txt	db520a48c1b8bd24809988db632f3e7693b7a2f19e442fe0295f9e859c42ef4d
SCEVAN	x86	64-linux-gnu	historical successful-run session	SCEVAN_CID4465_20260907_211815.tar.gz::CID4465/sessionInfo.txt	db520a48c1b8bd24809988db632f3e7693b7a2f19e442fe0295f9e859c42ef4d
SCEVAN	dplyr	1.2.1	historical successful-run session	SCEVAN_CID4465_20260907_211815.tar.gz::CID4465/sessionInfo.txt	db520a48c1b8bd24809988db632f3e7693b7a2f19e442fe0295f9e859c42ef4d
SCEVAN	Matrix	1.6-5	historical successful-run session	SCEVAN_CID4465_20260907_211815.tar.gz::CID4465/sessionInfo.txt	db520a48c1b8bd24809988db632f3e7693b7a2f19e442fe0295f9e859c42ef4d
SCEVAN	RColorBrewer	1.1-3	historical successful-run session	SCEVAN_CID4465_20260907_211815.tar.gz::CID4465/sessionInfo.txt	db520a48c1b8bd24809988db632f3e7693b7a2f19e442fe0295f9e859c42ef4d
SCEVAN	parallelDist	0.2.7	historical successful-run session	SCEVAN_CID4465_20260907_211815.tar.gz::CID4465/sessionInfo.txt	db520a48c1b8bd24809988db632f3e7693b7a2f19e442fe0295f9e859c42ef4d
SCEVAN	R6	2.6.1	historical successful-run session	SCEVAN_CID4465_20260907_211815.tar.gz::CID4465/sessionInfo.txt	db520a48c1b8bd24809988db632f3e7693b7a2f19e442fe0295f9e859c42ef4d
SCEVAN	tidyselect	1.2.1	historical successful-run session	SCEVAN_CID4465_20260907_211815.tar.gz::CID4465/sessionInfo.txt	db520a48c1b8bd24809988db632f3e7693b7a2f19e442fe0295f9e859c42ef4d
SCEVAN	lattice	0.22-5	historical successful-run session	SCEVAN_CID4465_20260907_211815.tar.gz::CID4465/sessionInfo.txt	db520a48c1b8bd24809988db632f3e7693b7a2f19e442fe0295f9e859c42ef4d
SCEVAN	magrittr	2.0.5	historical successful-run session	SCEVAN_CID4465_20260907_211815.tar.gz::CID4465/sessionInfo.txt	db520a48c1b8bd24809988db632f3e7693b7a2f19e442fe0295f9e859c42ef4d
SCEVAN	glue	1.8.1	historical successful-run session	SCEVAN_CID4465_20260907_211815.tar.gz::CID4465/sessionInfo.txt	db520a48c1b8bd24809988db632f3e7693b7a2f19e442fe0295f9e859c42ef4d
SCEVAN	tibble	3.3.1	historical successful-run session	SCEVAN_CID4465_20260907_211815.tar.gz::CID4465/sessionInfo.txt	db520a48c1b8bd24809988db632f3e7693b7a2f19e442fe0295f9e859c42ef4d
SCEVAN	pkgconfig	2.0.3	historical successful-run session	SCEVAN_CID4465_20260907_211815.tar.gz::CID4465/sessionInfo.txt	db520a48c1b8bd24809988db632f3e7693b7a2f19e442fe0295f9e859c42ef4d
SCEVAN	RcppParallel	6.2.0	historical successful-run session	SCEVAN_CID4465_20260907_211815.tar.gz::CID4465/sessionInfo.txt	db520a48c1b8bd24809988db632f3e7693b7a2f19e442fe0295f9e859c42ef4d
SCEVAN	generics	0.1.4	historical successful-run session	SCEVAN_CID4465_20260907_211815.tar.gz::CID4465/sessionInfo.txt	db520a48c1b8bd24809988db632f3e7693b7a2f19e442fe0295f9e859c42ef4d
SCEVAN	lifecycle	1.0.5	historical successful-run session	SCEVAN_CID4465_20260907_211815.tar.gz::CID4465/sessionInfo.txt	db520a48c1b8bd24809988db632f3e7693b7a2f19e442fe0295f9e859c42ef4d
SCEVAN	cli	3.6.6	historical successful-run session	SCEVAN_CID4465_20260907_211815.tar.gz::CID4465/sessionInfo.txt	db520a48c1b8bd24809988db632f3e7693b7a2f19e442fe0295f9e859c42ef4d
SCEVAN	grid	4.3.3	historical successful-run session	SCEVAN_CID4465_20260907_211815.tar.gz::CID4465/sessionInfo.txt	db520a48c1b8bd24809988db632f3e7693b7a2f19e442fe0295f9e859c42ef4d
SCEVAN	vctrs	0.7.3	historical successful-run session	SCEVAN_CID4465_20260907_211815.tar.gz::CID4465/sessionInfo.txt	db520a48c1b8bd24809988db632f3e7693b7a2f19e442fe0295f9e859c42ef4d
SCEVAN	SCEVAN	1.0.3	historical successful-run session	SCEVAN_CID4465_20260907_211815.tar.gz::CID4465/sessionInfo.txt	db520a48c1b8bd24809988db632f3e7693b7a2f19e442fe0295f9e859c42ef4d
SCEVAN	compiler	4.3.3	historical successful-run session	SCEVAN_CID4465_20260907_211815.tar.gz::CID4465/sessionInfo.txt	db520a48c1b8bd24809988db632f3e7693b7a2f19e442fe0295f9e859c42ef4d
SCEVAN	tools	4.3.3	historical successful-run session	SCEVAN_CID4465_20260907_211815.tar.gz::CID4465/sessionInfo.txt	db520a48c1b8bd24809988db632f3e7693b7a2f19e442fe0295f9e859c42ef4d
SCEVAN	pillar	1.11.1	historical successful-run session	SCEVAN_CID4465_20260907_211815.tar.gz::CID4465/sessionInfo.txt	db520a48c1b8bd24809988db632f3e7693b7a2f19e442fe0295f9e859c42ef4d
SCEVAN	Rcpp	1.1.2	historical successful-run session	SCEVAN_CID4465_20260907_211815.tar.gz::CID4465/sessionInfo.txt	db520a48c1b8bd24809988db632f3e7693b7a2f19e442fe0295f9e859c42ef4d
SCEVAN	rlang	1.3.0	historical successful-run session	SCEVAN_CID4465_20260907_211815.tar.gz::CID4465/sessionInfo.txt	db520a48c1b8bd24809988db632f3e7693b7a2f19e442fe0295f9e859c42ef4d
SCEVAN	R	4.3.3	historical successful-run session	SCEVAN_CID4465_20260907_211815.tar.gz::CID4465/sessionInfo.txt	db520a48c1b8bd24809988db632f3e7693b7a2f19e442fe0295f9e859c42ef4d
SCEVAN	x86	64-pc-linux-gnu	historical successful-run session	SCEVAN_CID4495_20260907_212354.tar.gz::CID4495/sessionInfo.txt	db520a48c1b8bd24809988db632f3e7693b7a2f19e442fe0295f9e859c42ef4d
SCEVAN	x86	64-linux-gnu	historical successful-run session	SCEVAN_CID4495_20260907_212354.tar.gz::CID4495/sessionInfo.txt	db520a48c1b8bd24809988db632f3e7693b7a2f19e442fe0295f9e859c42ef4d
SCEVAN	x86	64-linux-gnu	historical successful-run session	SCEVAN_CID4495_20260907_212354.tar.gz::CID4495/sessionInfo.txt	db520a48c1b8bd24809988db632f3e7693b7a2f19e442fe0295f9e859c42ef4d
SCEVAN	dplyr	1.2.1	historical successful-run session	SCEVAN_CID4495_20260907_212354.tar.gz::CID4495/sessionInfo.txt	db520a48c1b8bd24809988db632f3e7693b7a2f19e442fe0295f9e859c42ef4d
SCEVAN	Matrix	1.6-5	historical successful-run session	SCEVAN_CID4495_20260907_212354.tar.gz::CID4495/sessionInfo.txt	db520a48c1b8bd24809988db632f3e7693b7a2f19e442fe0295f9e859c42ef4d
SCEVAN	RColorBrewer	1.1-3	historical successful-run session	SCEVAN_CID4495_20260907_212354.tar.gz::CID4495/sessionInfo.txt	db520a48c1b8bd24809988db632f3e7693b7a2f19e442fe0295f9e859c42ef4d
SCEVAN	parallelDist	0.2.7	historical successful-run session	SCEVAN_CID4495_20260907_212354.tar.gz::CID4495/sessionInfo.txt	db520a48c1b8bd24809988db632f3e7693b7a2f19e442fe0295f9e859c42ef4d
SCEVAN	R6	2.6.1	historical successful-run session	SCEVAN_CID4495_20260907_212354.tar.gz::CID4495/sessionInfo.txt	db520a48c1b8bd24809988db632f3e7693b7a2f19e442fe0295f9e859c42ef4d
SCEVAN	tidyselect	1.2.1	historical successful-run session	SCEVAN_CID4495_20260907_212354.tar.gz::CID4495/sessionInfo.txt	db520a48c1b8bd24809988db632f3e7693b7a2f19e442fe0295f9e859c42ef4d
SCEVAN	lattice	0.22-5	historical successful-run session	SCEVAN_CID4495_20260907_212354.tar.gz::CID4495/sessionInfo.txt	db520a48c1b8bd24809988db632f3e7693b7a2f19e442fe0295f9e859c42ef4d
SCEVAN	magrittr	2.0.5	historical successful-run session	SCEVAN_CID4495_20260907_212354.tar.gz::CID4495/sessionInfo.txt	db520a48c1b8bd24809988db632f3e7693b7a2f19e442fe0295f9e859c42ef4d
SCEVAN	glue	1.8.1	historical successful-run session	SCEVAN_CID4495_20260907_212354.tar.gz::CID4495/sessionInfo.txt	db520a48c1b8bd24809988db632f3e7693b7a2f19e442fe0295f9e859c42ef4d
SCEVAN	tibble	3.3.1	historical successful-run session	SCEVAN_CID4495_20260907_212354.tar.gz::CID4495/sessionInfo.txt	db520a48c1b8bd24809988db632f3e7693b7a2f19e442fe0295f9e859c42ef4d
SCEVAN	pkgconfig	2.0.3	historical successful-run session	SCEVAN_CID4495_20260907_212354.tar.gz::CID4495/sessionInfo.txt	db520a48c1b8bd24809988db632f3e7693b7a2f19e442fe0295f9e859c42ef4d
SCEVAN	RcppParallel	6.2.0	historical successful-run session	SCEVAN_CID4495_20260907_212354.tar.gz::CID4495/sessionInfo.txt	db520a48c1b8bd24809988db632f3e7693b7a2f19e442fe0295f9e859c42ef4d
SCEVAN	generics	0.1.4	historical successful-run session	SCEVAN_CID4495_20260907_212354.tar.gz::CID4495/sessionInfo.txt	db520a48c1b8bd24809988db632f3e7693b7a2f19e442fe0295f9e859c42ef4d
SCEVAN	lifecycle	1.0.5	historical successful-run session	SCEVAN_CID4495_20260907_212354.tar.gz::CID4495/sessionInfo.txt	db520a48c1b8bd24809988db632f3e7693b7a2f19e442fe0295f9e859c42ef4d
SCEVAN	cli	3.6.6	historical successful-run session	SCEVAN_CID4495_20260907_212354.tar.gz::CID4495/sessionInfo.txt	db520a48c1b8bd24809988db632f3e7693b7a2f19e442fe0295f9e859c42ef4d
SCEVAN	grid	4.3.3	historical successful-run session	SCEVAN_CID4495_20260907_212354.tar.gz::CID4495/sessionInfo.txt	db520a48c1b8bd24809988db632f3e7693b7a2f19e442fe0295f9e859c42ef4d
SCEVAN	vctrs	0.7.3	historical successful-run session	SCEVAN_CID4495_20260907_212354.tar.gz::CID4495/sessionInfo.txt	db520a48c1b8bd24809988db632f3e7693b7a2f19e442fe0295f9e859c42ef4d
SCEVAN	SCEVAN	1.0.3	historical successful-run session	SCEVAN_CID4495_20260907_212354.tar.gz::CID4495/sessionInfo.txt	db520a48c1b8bd24809988db632f3e7693b7a2f19e442fe0295f9e859c42ef4d
SCEVAN	compiler	4.3.3	historical successful-run session	SCEVAN_CID4495_20260907_212354.tar.gz::CID4495/sessionInfo.txt	db520a48c1b8bd24809988db632f3e7693b7a2f19e442fe0295f9e859c42ef4d
SCEVAN	tools	4.3.3	historical successful-run session	SCEVAN_CID4495_20260907_212354.tar.gz::CID4495/sessionInfo.txt	db520a48c1b8bd24809988db632f3e7693b7a2f19e442fe0295f9e859c42ef4d
SCEVAN	pillar	1.11.1	historical successful-run session	SCEVAN_CID4495_20260907_212354.tar.gz::CID4495/sessionInfo.txt	db520a48c1b8bd24809988db632f3e7693b7a2f19e442fe0295f9e859c42ef4d
SCEVAN	Rcpp	1.1.2	historical successful-run session	SCEVAN_CID4495_20260907_212354.tar.gz::CID4495/sessionInfo.txt	db520a48c1b8bd24809988db632f3e7693b7a2f19e442fe0295f9e859c42ef4d
SCEVAN	rlang	1.3.0	historical successful-run session	SCEVAN_CID4495_20260907_212354.tar.gz::CID4495/sessionInfo.txt	db520a48c1b8bd24809988db632f3e7693b7a2f19e442fe0295f9e859c42ef4d
SCEVAN	R	4.3.3	historical successful-run session	SCEVAN_CID4495_20260907_212354.tar.gz::CID4495/sessionInfo.txt	db520a48c1b8bd24809988db632f3e7693b7a2f19e442fe0295f9e859c42ef4d
SCEVAN	x86	64-pc-linux-gnu	historical successful-run session	SCEVAN_CID44971_20260907_215215.tar.gz::CID44971/sessionInfo.txt	db520a48c1b8bd24809988db632f3e7693b7a2f19e442fe0295f9e859c42ef4d
SCEVAN	x86	64-linux-gnu	historical successful-run session	SCEVAN_CID44971_20260907_215215.tar.gz::CID44971/sessionInfo.txt	db520a48c1b8bd24809988db632f3e7693b7a2f19e442fe0295f9e859c42ef4d
SCEVAN	x86	64-linux-gnu	historical successful-run session	SCEVAN_CID44971_20260907_215215.tar.gz::CID44971/sessionInfo.txt	db520a48c1b8bd24809988db632f3e7693b7a2f19e442fe0295f9e859c42ef4d
SCEVAN	dplyr	1.2.1	historical successful-run session	SCEVAN_CID44971_20260907_215215.tar.gz::CID44971/sessionInfo.txt	db520a48c1b8bd24809988db632f3e7693b7a2f19e442fe0295f9e859c42ef4d
SCEVAN	Matrix	1.6-5	historical successful-run session	SCEVAN_CID44971_20260907_215215.tar.gz::CID44971/sessionInfo.txt	db520a48c1b8bd24809988db632f3e7693b7a2f19e442fe0295f9e859c42ef4d
SCEVAN	RColorBrewer	1.1-3	historical successful-run session	SCEVAN_CID44971_20260907_215215.tar.gz::CID44971/sessionInfo.txt	db520a48c1b8bd24809988db632f3e7693b7a2f19e442fe0295f9e859c42ef4d
SCEVAN	parallelDist	0.2.7	historical successful-run session	SCEVAN_CID44971_20260907_215215.tar.gz::CID44971/sessionInfo.txt	db520a48c1b8bd24809988db632f3e7693b7a2f19e442fe0295f9e859c42ef4d
SCEVAN	R6	2.6.1	historical successful-run session	SCEVAN_CID44971_20260907_215215.tar.gz::CID44971/sessionInfo.txt	db520a48c1b8bd24809988db632f3e7693b7a2f19e442fe0295f9e859c42ef4d
SCEVAN	tidyselect	1.2.1	historical successful-run session	SCEVAN_CID44971_20260907_215215.tar.gz::CID44971/sessionInfo.txt	db520a48c1b8bd24809988db632f3e7693b7a2f19e442fe0295f9e859c42ef4d
SCEVAN	lattice	0.22-5	historical successful-run session	SCEVAN_CID44971_20260907_215215.tar.gz::CID44971/sessionInfo.txt	db520a48c1b8bd24809988db632f3e7693b7a2f19e442fe0295f9e859c42ef4d
SCEVAN	magrittr	2.0.5	historical successful-run session	SCEVAN_CID44971_20260907_215215.tar.gz::CID44971/sessionInfo.txt	db520a48c1b8bd24809988db632f3e7693b7a2f19e442fe0295f9e859c42ef4d
SCEVAN	glue	1.8.1	historical successful-run session	SCEVAN_CID44971_20260907_215215.tar.gz::CID44971/sessionInfo.txt	db520a48c1b8bd24809988db632f3e7693b7a2f19e442fe0295f9e859c42ef4d
SCEVAN	tibble	3.3.1	historical successful-run session	SCEVAN_CID44971_20260907_215215.tar.gz::CID44971/sessionInfo.txt	db520a48c1b8bd24809988db632f3e7693b7a2f19e442fe0295f9e859c42ef4d
SCEVAN	pkgconfig	2.0.3	historical successful-run session	SCEVAN_CID44971_20260907_215215.tar.gz::CID44971/sessionInfo.txt	db520a48c1b8bd24809988db632f3e7693b7a2f19e442fe0295f9e859c42ef4d
SCEVAN	RcppParallel	6.2.0	historical successful-run session	SCEVAN_CID44971_20260907_215215.tar.gz::CID44971/sessionInfo.txt	db520a48c1b8bd24809988db632f3e7693b7a2f19e442fe0295f9e859c42ef4d
SCEVAN	generics	0.1.4	historical successful-run session	SCEVAN_CID44971_20260907_215215.tar.gz::CID44971/sessionInfo.txt	db520a48c1b8bd24809988db632f3e7693b7a2f19e442fe0295f9e859c42ef4d
SCEVAN	lifecycle	1.0.5	historical successful-run session	SCEVAN_CID44971_20260907_215215.tar.gz::CID44971/sessionInfo.txt	db520a48c1b8bd24809988db632f3e7693b7a2f19e442fe0295f9e859c42ef4d
SCEVAN	cli	3.6.6	historical successful-run session	SCEVAN_CID44971_20260907_215215.tar.gz::CID44971/sessionInfo.txt	db520a48c1b8bd24809988db632f3e7693b7a2f19e442fe0295f9e859c42ef4d
SCEVAN	grid	4.3.3	historical successful-run session	SCEVAN_CID44971_20260907_215215.tar.gz::CID44971/sessionInfo.txt	db520a48c1b8bd24809988db632f3e7693b7a2f19e442fe0295f9e859c42ef4d
SCEVAN	vctrs	0.7.3	historical successful-run session	SCEVAN_CID44971_20260907_215215.tar.gz::CID44971/sessionInfo.txt	db520a48c1b8bd24809988db632f3e7693b7a2f19e442fe0295f9e859c42ef4d
SCEVAN	SCEVAN	1.0.3	historical successful-run session	SCEVAN_CID44971_20260907_215215.tar.gz::CID44971/sessionInfo.txt	db520a48c1b8bd24809988db632f3e7693b7a2f19e442fe0295f9e859c42ef4d
SCEVAN	compiler	4.3.3	historical successful-run session	SCEVAN_CID44971_20260907_215215.tar.gz::CID44971/sessionInfo.txt	db520a48c1b8bd24809988db632f3e7693b7a2f19e442fe0295f9e859c42ef4d
SCEVAN	tools	4.3.3	historical successful-run session	SCEVAN_CID44971_20260907_215215.tar.gz::CID44971/sessionInfo.txt	db520a48c1b8bd24809988db632f3e7693b7a2f19e442fe0295f9e859c42ef4d
SCEVAN	pillar	1.11.1	historical successful-run session	SCEVAN_CID44971_20260907_215215.tar.gz::CID44971/sessionInfo.txt	db520a48c1b8bd24809988db632f3e7693b7a2f19e442fe0295f9e859c42ef4d
SCEVAN	Rcpp	1.1.2	historical successful-run session	SCEVAN_CID44971_20260907_215215.tar.gz::CID44971/sessionInfo.txt	db520a48c1b8bd24809988db632f3e7693b7a2f19e442fe0295f9e859c42ef4d
SCEVAN	rlang	1.3.0	historical successful-run session	SCEVAN_CID44971_20260907_215215.tar.gz::CID44971/sessionInfo.txt	db520a48c1b8bd24809988db632f3e7693b7a2f19e442fe0295f9e859c42ef4d
SCEVAN	R	4.3.3	historical successful-run session	SCEVAN_CID44971_20260907_215215.tar.gz::CID44971/sessionInfo.txt	db520a48c1b8bd24809988db632f3e7693b7a2f19e442fe0295f9e859c42ef4d
SCEVAN	x86	64-pc-linux-gnu	historical successful-run session	SCEVAN_CID44991_20260907_223328.tar.gz::CID44991/sessionInfo.txt	db520a48c1b8bd24809988db632f3e7693b7a2f19e442fe0295f9e859c42ef4d
SCEVAN	x86	64-linux-gnu	historical successful-run session	SCEVAN_CID44991_20260907_223328.tar.gz::CID44991/sessionInfo.txt	db520a48c1b8bd24809988db632f3e7693b7a2f19e442fe0295f9e859c42ef4d
SCEVAN	x86	64-linux-gnu	historical successful-run session	SCEVAN_CID44991_20260907_223328.tar.gz::CID44991/sessionInfo.txt	db520a48c1b8bd24809988db632f3e7693b7a2f19e442fe0295f9e859c42ef4d
SCEVAN	dplyr	1.2.1	historical successful-run session	SCEVAN_CID44991_20260907_223328.tar.gz::CID44991/sessionInfo.txt	db520a48c1b8bd24809988db632f3e7693b7a2f19e442fe0295f9e859c42ef4d
SCEVAN	Matrix	1.6-5	historical successful-run session	SCEVAN_CID44991_20260907_223328.tar.gz::CID44991/sessionInfo.txt	db520a48c1b8bd24809988db632f3e7693b7a2f19e442fe0295f9e859c42ef4d
SCEVAN	RColorBrewer	1.1-3	historical successful-run session	SCEVAN_CID44991_20260907_223328.tar.gz::CID44991/sessionInfo.txt	db520a48c1b8bd24809988db632f3e7693b7a2f19e442fe0295f9e859c42ef4d
SCEVAN	parallelDist	0.2.7	historical successful-run session	SCEVAN_CID44991_20260907_223328.tar.gz::CID44991/sessionInfo.txt	db520a48c1b8bd24809988db632f3e7693b7a2f19e442fe0295f9e859c42ef4d
SCEVAN	R6	2.6.1	historical successful-run session	SCEVAN_CID44991_20260907_223328.tar.gz::CID44991/sessionInfo.txt	db520a48c1b8bd24809988db632f3e7693b7a2f19e442fe0295f9e859c42ef4d
SCEVAN	tidyselect	1.2.1	historical successful-run session	SCEVAN_CID44991_20260907_223328.tar.gz::CID44991/sessionInfo.txt	db520a48c1b8bd24809988db632f3e7693b7a2f19e442fe0295f9e859c42ef4d
SCEVAN	lattice	0.22-5	historical successful-run session	SCEVAN_CID44991_20260907_223328.tar.gz::CID44991/sessionInfo.txt	db520a48c1b8bd24809988db632f3e7693b7a2f19e442fe0295f9e859c42ef4d
SCEVAN	magrittr	2.0.5	historical successful-run session	SCEVAN_CID44991_20260907_223328.tar.gz::CID44991/sessionInfo.txt	db520a48c1b8bd24809988db632f3e7693b7a2f19e442fe0295f9e859c42ef4d
SCEVAN	glue	1.8.1	historical successful-run session	SCEVAN_CID44991_20260907_223328.tar.gz::CID44991/sessionInfo.txt	db520a48c1b8bd24809988db632f3e7693b7a2f19e442fe0295f9e859c42ef4d
SCEVAN	tibble	3.3.1	historical successful-run session	SCEVAN_CID44991_20260907_223328.tar.gz::CID44991/sessionInfo.txt	db520a48c1b8bd24809988db632f3e7693b7a2f19e442fe0295f9e859c42ef4d
SCEVAN	pkgconfig	2.0.3	historical successful-run session	SCEVAN_CID44991_20260907_223328.tar.gz::CID44991/sessionInfo.txt	db520a48c1b8bd24809988db632f3e7693b7a2f19e442fe0295f9e859c42ef4d
SCEVAN	RcppParallel	6.2.0	historical successful-run session	SCEVAN_CID44991_20260907_223328.tar.gz::CID44991/sessionInfo.txt	db520a48c1b8bd24809988db632f3e7693b7a2f19e442fe0295f9e859c42ef4d
SCEVAN	generics	0.1.4	historical successful-run session	SCEVAN_CID44991_20260907_223328.tar.gz::CID44991/sessionInfo.txt	db520a48c1b8bd24809988db632f3e7693b7a2f19e442fe0295f9e859c42ef4d
SCEVAN	lifecycle	1.0.5	historical successful-run session	SCEVAN_CID44991_20260907_223328.tar.gz::CID44991/sessionInfo.txt	db520a48c1b8bd24809988db632f3e7693b7a2f19e442fe0295f9e859c42ef4d
SCEVAN	cli	3.6.6	historical successful-run session	SCEVAN_CID44991_20260907_223328.tar.gz::CID44991/sessionInfo.txt	db520a48c1b8bd24809988db632f3e7693b7a2f19e442fe0295f9e859c42ef4d
SCEVAN	grid	4.3.3	historical successful-run session	SCEVAN_CID44991_20260907_223328.tar.gz::CID44991/sessionInfo.txt	db520a48c1b8bd24809988db632f3e7693b7a2f19e442fe0295f9e859c42ef4d
SCEVAN	vctrs	0.7.3	historical successful-run session	SCEVAN_CID44991_20260907_223328.tar.gz::CID44991/sessionInfo.txt	db520a48c1b8bd24809988db632f3e7693b7a2f19e442fe0295f9e859c42ef4d
SCEVAN	SCEVAN	1.0.3	historical successful-run session	SCEVAN_CID44991_20260907_223328.tar.gz::CID44991/sessionInfo.txt	db520a48c1b8bd24809988db632f3e7693b7a2f19e442fe0295f9e859c42ef4d
SCEVAN	compiler	4.3.3	historical successful-run session	SCEVAN_CID44991_20260907_223328.tar.gz::CID44991/sessionInfo.txt	db520a48c1b8bd24809988db632f3e7693b7a2f19e442fe0295f9e859c42ef4d
SCEVAN	tools	4.3.3	historical successful-run session	SCEVAN_CID44991_20260907_223328.tar.gz::CID44991/sessionInfo.txt	db520a48c1b8bd24809988db632f3e7693b7a2f19e442fe0295f9e859c42ef4d
SCEVAN	pillar	1.11.1	historical successful-run session	SCEVAN_CID44991_20260907_223328.tar.gz::CID44991/sessionInfo.txt	db520a48c1b8bd24809988db632f3e7693b7a2f19e442fe0295f9e859c42ef4d
SCEVAN	Rcpp	1.1.2	historical successful-run session	SCEVAN_CID44991_20260907_223328.tar.gz::CID44991/sessionInfo.txt	db520a48c1b8bd24809988db632f3e7693b7a2f19e442fe0295f9e859c42ef4d
SCEVAN	rlang	1.3.0	historical successful-run session	SCEVAN_CID44991_20260907_223328.tar.gz::CID44991/sessionInfo.txt	db520a48c1b8bd24809988db632f3e7693b7a2f19e442fe0295f9e859c42ef4d
SCEVAN	R	4.3.3	historical successful-run session	SCEVAN_CID44991_20260907_223328.tar.gz::CID44991/sessionInfo.txt	db520a48c1b8bd24809988db632f3e7693b7a2f19e442fe0295f9e859c42ef4d
SCEVAN	x86	64-pc-linux-gnu	historical successful-run session	SCEVAN_CID4513_20260907_230443.tar.gz::CID4513/sessionInfo.txt	db520a48c1b8bd24809988db632f3e7693b7a2f19e442fe0295f9e859c42ef4d
SCEVAN	x86	64-linux-gnu	historical successful-run session	SCEVAN_CID4513_20260907_230443.tar.gz::CID4513/sessionInfo.txt	db520a48c1b8bd24809988db632f3e7693b7a2f19e442fe0295f9e859c42ef4d
SCEVAN	x86	64-linux-gnu	historical successful-run session	SCEVAN_CID4513_20260907_230443.tar.gz::CID4513/sessionInfo.txt	db520a48c1b8bd24809988db632f3e7693b7a2f19e442fe0295f9e859c42ef4d
SCEVAN	dplyr	1.2.1	historical successful-run session	SCEVAN_CID4513_20260907_230443.tar.gz::CID4513/sessionInfo.txt	db520a48c1b8bd24809988db632f3e7693b7a2f19e442fe0295f9e859c42ef4d
SCEVAN	Matrix	1.6-5	historical successful-run session	SCEVAN_CID4513_20260907_230443.tar.gz::CID4513/sessionInfo.txt	db520a48c1b8bd24809988db632f3e7693b7a2f19e442fe0295f9e859c42ef4d
SCEVAN	RColorBrewer	1.1-3	historical successful-run session	SCEVAN_CID4513_20260907_230443.tar.gz::CID4513/sessionInfo.txt	db520a48c1b8bd24809988db632f3e7693b7a2f19e442fe0295f9e859c42ef4d
SCEVAN	parallelDist	0.2.7	historical successful-run session	SCEVAN_CID4513_20260907_230443.tar.gz::CID4513/sessionInfo.txt	db520a48c1b8bd24809988db632f3e7693b7a2f19e442fe0295f9e859c42ef4d
SCEVAN	R6	2.6.1	historical successful-run session	SCEVAN_CID4513_20260907_230443.tar.gz::CID4513/sessionInfo.txt	db520a48c1b8bd24809988db632f3e7693b7a2f19e442fe0295f9e859c42ef4d
SCEVAN	tidyselect	1.2.1	historical successful-run session	SCEVAN_CID4513_20260907_230443.tar.gz::CID4513/sessionInfo.txt	db520a48c1b8bd24809988db632f3e7693b7a2f19e442fe0295f9e859c42ef4d
SCEVAN	lattice	0.22-5	historical successful-run session	SCEVAN_CID4513_20260907_230443.tar.gz::CID4513/sessionInfo.txt	db520a48c1b8bd24809988db632f3e7693b7a2f19e442fe0295f9e859c42ef4d
SCEVAN	magrittr	2.0.5	historical successful-run session	SCEVAN_CID4513_20260907_230443.tar.gz::CID4513/sessionInfo.txt	db520a48c1b8bd24809988db632f3e7693b7a2f19e442fe0295f9e859c42ef4d
SCEVAN	glue	1.8.1	historical successful-run session	SCEVAN_CID4513_20260907_230443.tar.gz::CID4513/sessionInfo.txt	db520a48c1b8bd24809988db632f3e7693b7a2f19e442fe0295f9e859c42ef4d
SCEVAN	tibble	3.3.1	historical successful-run session	SCEVAN_CID4513_20260907_230443.tar.gz::CID4513/sessionInfo.txt	db520a48c1b8bd24809988db632f3e7693b7a2f19e442fe0295f9e859c42ef4d
SCEVAN	pkgconfig	2.0.3	historical successful-run session	SCEVAN_CID4513_20260907_230443.tar.gz::CID4513/sessionInfo.txt	db520a48c1b8bd24809988db632f3e7693b7a2f19e442fe0295f9e859c42ef4d
SCEVAN	RcppParallel	6.2.0	historical successful-run session	SCEVAN_CID4513_20260907_230443.tar.gz::CID4513/sessionInfo.txt	db520a48c1b8bd24809988db632f3e7693b7a2f19e442fe0295f9e859c42ef4d
SCEVAN	generics	0.1.4	historical successful-run session	SCEVAN_CID4513_20260907_230443.tar.gz::CID4513/sessionInfo.txt	db520a48c1b8bd24809988db632f3e7693b7a2f19e442fe0295f9e859c42ef4d
SCEVAN	lifecycle	1.0.5	historical successful-run session	SCEVAN_CID4513_20260907_230443.tar.gz::CID4513/sessionInfo.txt	db520a48c1b8bd24809988db632f3e7693b7a2f19e442fe0295f9e859c42ef4d
SCEVAN	cli	3.6.6	historical successful-run session	SCEVAN_CID4513_20260907_230443.tar.gz::CID4513/sessionInfo.txt	db520a48c1b8bd24809988db632f3e7693b7a2f19e442fe0295f9e859c42ef4d
SCEVAN	grid	4.3.3	historical successful-run session	SCEVAN_CID4513_20260907_230443.tar.gz::CID4513/sessionInfo.txt	db520a48c1b8bd24809988db632f3e7693b7a2f19e442fe0295f9e859c42ef4d
SCEVAN	vctrs	0.7.3	historical successful-run session	SCEVAN_CID4513_20260907_230443.tar.gz::CID4513/sessionInfo.txt	db520a48c1b8bd24809988db632f3e7693b7a2f19e442fe0295f9e859c42ef4d
SCEVAN	SCEVAN	1.0.3	historical successful-run session	SCEVAN_CID4513_20260907_230443.tar.gz::CID4513/sessionInfo.txt	db520a48c1b8bd24809988db632f3e7693b7a2f19e442fe0295f9e859c42ef4d
SCEVAN	compiler	4.3.3	historical successful-run session	SCEVAN_CID4513_20260907_230443.tar.gz::CID4513/sessionInfo.txt	db520a48c1b8bd24809988db632f3e7693b7a2f19e442fe0295f9e859c42ef4d
SCEVAN	tools	4.3.3	historical successful-run session	SCEVAN_CID4513_20260907_230443.tar.gz::CID4513/sessionInfo.txt	db520a48c1b8bd24809988db632f3e7693b7a2f19e442fe0295f9e859c42ef4d
SCEVAN	pillar	1.11.1	historical successful-run session	SCEVAN_CID4513_20260907_230443.tar.gz::CID4513/sessionInfo.txt	db520a48c1b8bd24809988db632f3e7693b7a2f19e442fe0295f9e859c42ef4d
SCEVAN	Rcpp	1.1.2	historical successful-run session	SCEVAN_CID4513_20260907_230443.tar.gz::CID4513/sessionInfo.txt	db520a48c1b8bd24809988db632f3e7693b7a2f19e442fe0295f9e859c42ef4d
SCEVAN	rlang	1.3.0	historical successful-run session	SCEVAN_CID4513_20260907_230443.tar.gz::CID4513/sessionInfo.txt	db520a48c1b8bd24809988db632f3e7693b7a2f19e442fe0295f9e859c42ef4d
SCEVAN	R	4.3.3	historical successful-run session	SCEVAN_CID4513_20260907_230443.tar.gz::CID4513/sessionInfo.txt	db520a48c1b8bd24809988db632f3e7693b7a2f19e442fe0295f9e859c42ef4d
SCEVAN	x86	64-pc-linux-gnu	historical successful-run session	SCEVAN_CID4515_20260907_232450.tar.gz::CID4515/sessionInfo.txt	db520a48c1b8bd24809988db632f3e7693b7a2f19e442fe0295f9e859c42ef4d
SCEVAN	x86	64-linux-gnu	historical successful-run session	SCEVAN_CID4515_20260907_232450.tar.gz::CID4515/sessionInfo.txt	db520a48c1b8bd24809988db632f3e7693b7a2f19e442fe0295f9e859c42ef4d
SCEVAN	x86	64-linux-gnu	historical successful-run session	SCEVAN_CID4515_20260907_232450.tar.gz::CID4515/sessionInfo.txt	db520a48c1b8bd24809988db632f3e7693b7a2f19e442fe0295f9e859c42ef4d
SCEVAN	dplyr	1.2.1	historical successful-run session	SCEVAN_CID4515_20260907_232450.tar.gz::CID4515/sessionInfo.txt	db520a48c1b8bd24809988db632f3e7693b7a2f19e442fe0295f9e859c42ef4d
SCEVAN	Matrix	1.6-5	historical successful-run session	SCEVAN_CID4515_20260907_232450.tar.gz::CID4515/sessionInfo.txt	db520a48c1b8bd24809988db632f3e7693b7a2f19e442fe0295f9e859c42ef4d
SCEVAN	RColorBrewer	1.1-3	historical successful-run session	SCEVAN_CID4515_20260907_232450.tar.gz::CID4515/sessionInfo.txt	db520a48c1b8bd24809988db632f3e7693b7a2f19e442fe0295f9e859c42ef4d
SCEVAN	parallelDist	0.2.7	historical successful-run session	SCEVAN_CID4515_20260907_232450.tar.gz::CID4515/sessionInfo.txt	db520a48c1b8bd24809988db632f3e7693b7a2f19e442fe0295f9e859c42ef4d
SCEVAN	R6	2.6.1	historical successful-run session	SCEVAN_CID4515_20260907_232450.tar.gz::CID4515/sessionInfo.txt	db520a48c1b8bd24809988db632f3e7693b7a2f19e442fe0295f9e859c42ef4d
SCEVAN	tidyselect	1.2.1	historical successful-run session	SCEVAN_CID4515_20260907_232450.tar.gz::CID4515/sessionInfo.txt	db520a48c1b8bd24809988db632f3e7693b7a2f19e442fe0295f9e859c42ef4d
SCEVAN	lattice	0.22-5	historical successful-run session	SCEVAN_CID4515_20260907_232450.tar.gz::CID4515/sessionInfo.txt	db520a48c1b8bd24809988db632f3e7693b7a2f19e442fe0295f9e859c42ef4d
SCEVAN	magrittr	2.0.5	historical successful-run session	SCEVAN_CID4515_20260907_232450.tar.gz::CID4515/sessionInfo.txt	db520a48c1b8bd24809988db632f3e7693b7a2f19e442fe0295f9e859c42ef4d
SCEVAN	glue	1.8.1	historical successful-run session	SCEVAN_CID4515_20260907_232450.tar.gz::CID4515/sessionInfo.txt	db520a48c1b8bd24809988db632f3e7693b7a2f19e442fe0295f9e859c42ef4d
SCEVAN	tibble	3.3.1	historical successful-run session	SCEVAN_CID4515_20260907_232450.tar.gz::CID4515/sessionInfo.txt	db520a48c1b8bd24809988db632f3e7693b7a2f19e442fe0295f9e859c42ef4d
SCEVAN	pkgconfig	2.0.3	historical successful-run session	SCEVAN_CID4515_20260907_232450.tar.gz::CID4515/sessionInfo.txt	db520a48c1b8bd24809988db632f3e7693b7a2f19e442fe0295f9e859c42ef4d
SCEVAN	RcppParallel	6.2.0	historical successful-run session	SCEVAN_CID4515_20260907_232450.tar.gz::CID4515/sessionInfo.txt	db520a48c1b8bd24809988db632f3e7693b7a2f19e442fe0295f9e859c42ef4d
SCEVAN	generics	0.1.4	historical successful-run session	SCEVAN_CID4515_20260907_232450.tar.gz::CID4515/sessionInfo.txt	db520a48c1b8bd24809988db632f3e7693b7a2f19e442fe0295f9e859c42ef4d
SCEVAN	lifecycle	1.0.5	historical successful-run session	SCEVAN_CID4515_20260907_232450.tar.gz::CID4515/sessionInfo.txt	db520a48c1b8bd24809988db632f3e7693b7a2f19e442fe0295f9e859c42ef4d
SCEVAN	cli	3.6.6	historical successful-run session	SCEVAN_CID4515_20260907_232450.tar.gz::CID4515/sessionInfo.txt	db520a48c1b8bd24809988db632f3e7693b7a2f19e442fe0295f9e859c42ef4d
SCEVAN	grid	4.3.3	historical successful-run session	SCEVAN_CID4515_20260907_232450.tar.gz::CID4515/sessionInfo.txt	db520a48c1b8bd24809988db632f3e7693b7a2f19e442fe0295f9e859c42ef4d
SCEVAN	vctrs	0.7.3	historical successful-run session	SCEVAN_CID4515_20260907_232450.tar.gz::CID4515/sessionInfo.txt	db520a48c1b8bd24809988db632f3e7693b7a2f19e442fe0295f9e859c42ef4d
SCEVAN	SCEVAN	1.0.3	historical successful-run session	SCEVAN_CID4515_20260907_232450.tar.gz::CID4515/sessionInfo.txt	db520a48c1b8bd24809988db632f3e7693b7a2f19e442fe0295f9e859c42ef4d
SCEVAN	compiler	4.3.3	historical successful-run session	SCEVAN_CID4515_20260907_232450.tar.gz::CID4515/sessionInfo.txt	db520a48c1b8bd24809988db632f3e7693b7a2f19e442fe0295f9e859c42ef4d
SCEVAN	tools	4.3.3	historical successful-run session	SCEVAN_CID4515_20260907_232450.tar.gz::CID4515/sessionInfo.txt	db520a48c1b8bd24809988db632f3e7693b7a2f19e442fe0295f9e859c42ef4d
SCEVAN	pillar	1.11.1	historical successful-run session	SCEVAN_CID4515_20260907_232450.tar.gz::CID4515/sessionInfo.txt	db520a48c1b8bd24809988db632f3e7693b7a2f19e442fe0295f9e859c42ef4d
SCEVAN	Rcpp	1.1.2	historical successful-run session	SCEVAN_CID4515_20260907_232450.tar.gz::CID4515/sessionInfo.txt	db520a48c1b8bd24809988db632f3e7693b7a2f19e442fe0295f9e859c42ef4d
SCEVAN	rlang	1.3.0	historical successful-run session	SCEVAN_CID4515_20260907_232450.tar.gz::CID4515/sessionInfo.txt	db520a48c1b8bd24809988db632f3e7693b7a2f19e442fe0295f9e859c42ef4d
SCEVAN	R	4.3.3	historical successful-run session	SCEVAN_CID4515_20260907_232450.tar.gz::CID4515/sessionInfo.txt	db520a48c1b8bd24809988db632f3e7693b7a2f19e442fe0295f9e859c42ef4d
SCEVAN	x86	64-pc-linux-gnu	historical successful-run session	SCEVAN_CID4523_20260907_233559.tar.gz::CID4523/sessionInfo.txt	db520a48c1b8bd24809988db632f3e7693b7a2f19e442fe0295f9e859c42ef4d
SCEVAN	x86	64-linux-gnu	historical successful-run session	SCEVAN_CID4523_20260907_233559.tar.gz::CID4523/sessionInfo.txt	db520a48c1b8bd24809988db632f3e7693b7a2f19e442fe0295f9e859c42ef4d
SCEVAN	x86	64-linux-gnu	historical successful-run session	SCEVAN_CID4523_20260907_233559.tar.gz::CID4523/sessionInfo.txt	db520a48c1b8bd24809988db632f3e7693b7a2f19e442fe0295f9e859c42ef4d
SCEVAN	dplyr	1.2.1	historical successful-run session	SCEVAN_CID4523_20260907_233559.tar.gz::CID4523/sessionInfo.txt	db520a48c1b8bd24809988db632f3e7693b7a2f19e442fe0295f9e859c42ef4d
SCEVAN	Matrix	1.6-5	historical successful-run session	SCEVAN_CID4523_20260907_233559.tar.gz::CID4523/sessionInfo.txt	db520a48c1b8bd24809988db632f3e7693b7a2f19e442fe0295f9e859c42ef4d
SCEVAN	RColorBrewer	1.1-3	historical successful-run session	SCEVAN_CID4523_20260907_233559.tar.gz::CID4523/sessionInfo.txt	db520a48c1b8bd24809988db632f3e7693b7a2f19e442fe0295f9e859c42ef4d
SCEVAN	parallelDist	0.2.7	historical successful-run session	SCEVAN_CID4523_20260907_233559.tar.gz::CID4523/sessionInfo.txt	db520a48c1b8bd24809988db632f3e7693b7a2f19e442fe0295f9e859c42ef4d
SCEVAN	R6	2.6.1	historical successful-run session	SCEVAN_CID4523_20260907_233559.tar.gz::CID4523/sessionInfo.txt	db520a48c1b8bd24809988db632f3e7693b7a2f19e442fe0295f9e859c42ef4d
SCEVAN	tidyselect	1.2.1	historical successful-run session	SCEVAN_CID4523_20260907_233559.tar.gz::CID4523/sessionInfo.txt	db520a48c1b8bd24809988db632f3e7693b7a2f19e442fe0295f9e859c42ef4d
SCEVAN	lattice	0.22-5	historical successful-run session	SCEVAN_CID4523_20260907_233559.tar.gz::CID4523/sessionInfo.txt	db520a48c1b8bd24809988db632f3e7693b7a2f19e442fe0295f9e859c42ef4d
SCEVAN	magrittr	2.0.5	historical successful-run session	SCEVAN_CID4523_20260907_233559.tar.gz::CID4523/sessionInfo.txt	db520a48c1b8bd24809988db632f3e7693b7a2f19e442fe0295f9e859c42ef4d
SCEVAN	glue	1.8.1	historical successful-run session	SCEVAN_CID4523_20260907_233559.tar.gz::CID4523/sessionInfo.txt	db520a48c1b8bd24809988db632f3e7693b7a2f19e442fe0295f9e859c42ef4d
SCEVAN	tibble	3.3.1	historical successful-run session	SCEVAN_CID4523_20260907_233559.tar.gz::CID4523/sessionInfo.txt	db520a48c1b8bd24809988db632f3e7693b7a2f19e442fe0295f9e859c42ef4d
SCEVAN	pkgconfig	2.0.3	historical successful-run session	SCEVAN_CID4523_20260907_233559.tar.gz::CID4523/sessionInfo.txt	db520a48c1b8bd24809988db632f3e7693b7a2f19e442fe0295f9e859c42ef4d
SCEVAN	RcppParallel	6.2.0	historical successful-run session	SCEVAN_CID4523_20260907_233559.tar.gz::CID4523/sessionInfo.txt	db520a48c1b8bd24809988db632f3e7693b7a2f19e442fe0295f9e859c42ef4d
SCEVAN	generics	0.1.4	historical successful-run session	SCEVAN_CID4523_20260907_233559.tar.gz::CID4523/sessionInfo.txt	db520a48c1b8bd24809988db632f3e7693b7a2f19e442fe0295f9e859c42ef4d
SCEVAN	lifecycle	1.0.5	historical successful-run session	SCEVAN_CID4523_20260907_233559.tar.gz::CID4523/sessionInfo.txt	db520a48c1b8bd24809988db632f3e7693b7a2f19e442fe0295f9e859c42ef4d
SCEVAN	cli	3.6.6	historical successful-run session	SCEVAN_CID4523_20260907_233559.tar.gz::CID4523/sessionInfo.txt	db520a48c1b8bd24809988db632f3e7693b7a2f19e442fe0295f9e859c42ef4d
SCEVAN	grid	4.3.3	historical successful-run session	SCEVAN_CID4523_20260907_233559.tar.gz::CID4523/sessionInfo.txt	db520a48c1b8bd24809988db632f3e7693b7a2f19e442fe0295f9e859c42ef4d
SCEVAN	vctrs	0.7.3	historical successful-run session	SCEVAN_CID4523_20260907_233559.tar.gz::CID4523/sessionInfo.txt	db520a48c1b8bd24809988db632f3e7693b7a2f19e442fe0295f9e859c42ef4d
SCEVAN	SCEVAN	1.0.3	historical successful-run session	SCEVAN_CID4523_20260907_233559.tar.gz::CID4523/sessionInfo.txt	db520a48c1b8bd24809988db632f3e7693b7a2f19e442fe0295f9e859c42ef4d
SCEVAN	compiler	4.3.3	historical successful-run session	SCEVAN_CID4523_20260907_233559.tar.gz::CID4523/sessionInfo.txt	db520a48c1b8bd24809988db632f3e7693b7a2f19e442fe0295f9e859c42ef4d
SCEVAN	tools	4.3.3	historical successful-run session	SCEVAN_CID4523_20260907_233559.tar.gz::CID4523/sessionInfo.txt	db520a48c1b8bd24809988db632f3e7693b7a2f19e442fe0295f9e859c42ef4d
SCEVAN	pillar	1.11.1	historical successful-run session	SCEVAN_CID4523_20260907_233559.tar.gz::CID4523/sessionInfo.txt	db520a48c1b8bd24809988db632f3e7693b7a2f19e442fe0295f9e859c42ef4d
SCEVAN	Rcpp	1.1.2	historical successful-run session	SCEVAN_CID4523_20260907_233559.tar.gz::CID4523/sessionInfo.txt	db520a48c1b8bd24809988db632f3e7693b7a2f19e442fe0295f9e859c42ef4d
SCEVAN	rlang	1.3.0	historical successful-run session	SCEVAN_CID4523_20260907_233559.tar.gz::CID4523/sessionInfo.txt	db520a48c1b8bd24809988db632f3e7693b7a2f19e442fe0295f9e859c42ef4d
SCEVAN	R	4.3.3	historical successful-run session	SCEVAN_CID4523_20260907_233559.tar.gz::CID4523/sessionInfo.txt	db520a48c1b8bd24809988db632f3e7693b7a2f19e442fe0295f9e859c42ef4d
