Program	Gene	Source	Original_member	Excluded_YAP17_Stem21	Primary_retained_member	Program146_overlap	Program146_overlap_excluded_sensitivity_member	Wu_measurable	ARTEMIS_measurable	Source_URL
TNFα–NF-κB	ABCA1	MSigDB Hallmark v2024.Hs	True	False	True	False	True	True	True	https://www.gsea-msigdb.org/gsea/msigdb/human/collections.jsp#H
TNFα–NF-κB	ACKR3	MSigDB Hallmark v2024.Hs	True	False	True	False	True	True	True	https://www.gsea-msigdb.org/gsea/msigdb/human/collections.jsp#H
TNFα–NF-κB	AREG	MSigDB Hallmark v2024.Hs	True	True	False	False	False	False	False	https://www.gsea-msigdb.org/gsea/msigdb/human/collections.jsp#H
TNFα–NF-κB	ATF3	MSigDB Hallmark v2024.Hs	True	False	True	True	False	True	True	https://www.gsea-msigdb.org/gsea/msigdb/human/collections.jsp#H
TNFα–NF-κB	ATP2B1	MSigDB Hallmark v2024.Hs	True	False	True	False	True	True	True	https://www.gsea-msigdb.org/gsea/msigdb/human/collections.jsp#H
TNFα–NF-κB	B4GALT1	MSigDB Hallmark v2024.Hs	True	False	True	False	True	True	True	https://www.gsea-msigdb.org/gsea/msigdb/human/collections.jsp#H
TNFα–NF-κB	B4GALT5	MSigDB Hallmark v2024.Hs	True	False	True	False	True	True	True	https://www.gsea-msigdb.org/gsea/msigdb/human/collections.jsp#H
TNFα–NF-κB	BCL2A1	MSigDB Hallmark v2024.Hs	True	False	True	False	True	True	True	https://www.gsea-msigdb.org/gsea/msigdb/human/collections.jsp#H
TNFα–NF-κB	BCL3	MSigDB Hallmark v2024.Hs	True	False	True	False	True	True	True	https://www.gsea-msigdb.org/gsea/msigdb/human/collections.jsp#H
TNFα–NF-κB	BCL6	MSigDB Hallmark v2024.Hs	True	False	True	False	True	True	True	https://www.gsea-msigdb.org/gsea/msigdb/human/collections.jsp#H
TNFα–NF-κB	BHLHE40	MSigDB Hallmark v2024.Hs	True	False	True	False	True	True	True	https://www.gsea-msigdb.org/gsea/msigdb/human/collections.jsp#H
TNFα–NF-κB	BIRC2	MSigDB Hallmark v2024.Hs	True	False	True	False	True	True	True	https://www.gsea-msigdb.org/gsea/msigdb/human/collections.jsp#H
TNFα–NF-κB	BIRC3	MSigDB Hallmark v2024.Hs	True	False	True	True	False	True	True	https://www.gsea-msigdb.org/gsea/msigdb/human/collections.jsp#H
TNFα–NF-κB	BMP2	MSigDB Hallmark v2024.Hs	True	False	True	False	True	True	True	https://www.gsea-msigdb.org/gsea/msigdb/human/collections.jsp#H
TNFα–NF-κB	BTG1	MSigDB Hallmark v2024.Hs	True	False	True	False	True	True	True	https://www.gsea-msigdb.org/gsea/msigdb/human/collections.jsp#H
TNFα–NF-κB	BTG2	MSigDB Hallmark v2024.Hs	True	False	True	False	True	True	True	https://www.gsea-msigdb.org/gsea/msigdb/human/collections.jsp#H
TNFα–NF-κB	BTG3	MSigDB Hallmark v2024.Hs	True	False	True	False	True	True	True	https://www.gsea-msigdb.org/gsea/msigdb/human/collections.jsp#H
TNFα–NF-κB	CCL2	MSigDB Hallmark v2024.Hs	True	False	True	False	True	True	True	https://www.gsea-msigdb.org/gsea/msigdb/human/collections.jsp#H
TNFα–NF-κB	CCL20	MSigDB Hallmark v2024.Hs	True	False	True	False	True	True	True	https://www.gsea-msigdb.org/gsea/msigdb/human/collections.jsp#H
TNFα–NF-κB	CCL4	MSigDB Hallmark v2024.Hs	True	False	True	False	True	True	True	https://www.gsea-msigdb.org/gsea/msigdb/human/collections.jsp#H
TNFα–NF-κB	CCL5	MSigDB Hallmark v2024.Hs	True	False	True	False	True	True	True	https://www.gsea-msigdb.org/gsea/msigdb/human/collections.jsp#H
TNFα–NF-κB	CCN1	MSigDB Hallmark v2024.Hs	True	False	True	False	True	False	False	https://www.gsea-msigdb.org/gsea/msigdb/human/collections.jsp#H
TNFα–NF-κB	CCND1	MSigDB Hallmark v2024.Hs	True	False	True	False	True	True	True	https://www.gsea-msigdb.org/gsea/msigdb/human/collections.jsp#H
TNFα–NF-κB	CCNL1	MSigDB Hallmark v2024.Hs	True	False	True	True	False	True	True	https://www.gsea-msigdb.org/gsea/msigdb/human/collections.jsp#H
TNFα–NF-κB	CCRL2	MSigDB Hallmark v2024.Hs	True	False	True	False	True	True	True	https://www.gsea-msigdb.org/gsea/msigdb/human/collections.jsp#H
TNFα–NF-κB	CD44	MSigDB Hallmark v2024.Hs	True	True	False	False	False	False	False	https://www.gsea-msigdb.org/gsea/msigdb/human/collections.jsp#H
TNFα–NF-κB	CD69	MSigDB Hallmark v2024.Hs	True	False	True	False	True	True	True	https://www.gsea-msigdb.org/gsea/msigdb/human/collections.jsp#H
TNFα–NF-κB	CD80	MSigDB Hallmark v2024.Hs	True	False	True	False	True	True	True	https://www.gsea-msigdb.org/gsea/msigdb/human/collections.jsp#H
TNFα–NF-κB	CD83	MSigDB Hallmark v2024.Hs	True	False	True	False	True	True	True	https://www.gsea-msigdb.org/gsea/msigdb/human/collections.jsp#H
TNFα–NF-κB	CDKN1A	MSigDB Hallmark v2024.Hs	True	False	True	False	True	True	True	https://www.gsea-msigdb.org/gsea/msigdb/human/collections.jsp#H
TNFα–NF-κB	CEBPB	MSigDB Hallmark v2024.Hs	True	False	True	False	True	True	True	https://www.gsea-msigdb.org/gsea/msigdb/human/collections.jsp#H
TNFα–NF-κB	CEBPD	MSigDB Hallmark v2024.Hs	True	False	True	True	False	True	True	https://www.gsea-msigdb.org/gsea/msigdb/human/collections.jsp#H
TNFα–NF-κB	CFLAR	MSigDB Hallmark v2024.Hs	True	False	True	False	True	True	True	https://www.gsea-msigdb.org/gsea/msigdb/human/collections.jsp#H
TNFα–NF-κB	CLCF1	MSigDB Hallmark v2024.Hs	True	False	True	False	True	True	True	https://www.gsea-msigdb.org/gsea/msigdb/human/collections.jsp#H
TNFα–NF-κB	CSF1	MSigDB Hallmark v2024.Hs	True	False	True	False	True	True	True	https://www.gsea-msigdb.org/gsea/msigdb/human/collections.jsp#H
TNFα–NF-κB	CSF2	MSigDB Hallmark v2024.Hs	True	False	True	False	True	True	True	https://www.gsea-msigdb.org/gsea/msigdb/human/collections.jsp#H
TNFα–NF-κB	CXCL1	MSigDB Hallmark v2024.Hs	True	False	True	False	True	True	True	https://www.gsea-msigdb.org/gsea/msigdb/human/collections.jsp#H
TNFα–NF-κB	CXCL10	MSigDB Hallmark v2024.Hs	True	False	True	False	True	True	True	https://www.gsea-msigdb.org/gsea/msigdb/human/collections.jsp#H
TNFα–NF-κB	CXCL11	MSigDB Hallmark v2024.Hs	True	False	True	False	True	True	True	https://www.gsea-msigdb.org/gsea/msigdb/human/collections.jsp#H
TNFα–NF-κB	CXCL2	MSigDB Hallmark v2024.Hs	True	False	True	True	False	True	True	https://www.gsea-msigdb.org/gsea/msigdb/human/collections.jsp#H
TNFα–NF-κB	CXCL3	MSigDB Hallmark v2024.Hs	True	False	True	True	False	True	True	https://www.gsea-msigdb.org/gsea/msigdb/human/collections.jsp#H
TNFα–NF-κB	CXCL6	MSigDB Hallmark v2024.Hs	True	False	True	False	True	True	True	https://www.gsea-msigdb.org/gsea/msigdb/human/collections.jsp#H
TNFα–NF-κB	DENND5A	MSigDB Hallmark v2024.Hs	True	False	True	False	True	True	True	https://www.gsea-msigdb.org/gsea/msigdb/human/collections.jsp#H
TNFα–NF-κB	DNAJB4	MSigDB Hallmark v2024.Hs	True	False	True	False	True	True	True	https://www.gsea-msigdb.org/gsea/msigdb/human/collections.jsp#H
TNFα–NF-κB	DRAM1	MSigDB Hallmark v2024.Hs	True	False	True	False	True	True	True	https://www.gsea-msigdb.org/gsea/msigdb/human/collections.jsp#H
TNFα–NF-κB	DUSP1	MSigDB Hallmark v2024.Hs	True	False	True	True	False	True	True	https://www.gsea-msigdb.org/gsea/msigdb/human/collections.jsp#H
TNFα–NF-κB	DUSP2	MSigDB Hallmark v2024.Hs	True	False	True	False	True	True	True	https://www.gsea-msigdb.org/gsea/msigdb/human/collections.jsp#H
TNFα–NF-κB	DUSP4	MSigDB Hallmark v2024.Hs	True	False	True	False	True	True	True	https://www.gsea-msigdb.org/gsea/msigdb/human/collections.jsp#H
TNFα–NF-κB	DUSP5	MSigDB Hallmark v2024.Hs	True	False	True	True	False	True	True	https://www.gsea-msigdb.org/gsea/msigdb/human/collections.jsp#H
TNFα–NF-κB	EDN1	MSigDB Hallmark v2024.Hs	True	False	True	True	False	True	True	https://www.gsea-msigdb.org/gsea/msigdb/human/collections.jsp#H
TNFα–NF-κB	EFNA1	MSigDB Hallmark v2024.Hs	True	False	True	False	True	True	True	https://www.gsea-msigdb.org/gsea/msigdb/human/collections.jsp#H
TNFα–NF-κB	EGR1	MSigDB Hallmark v2024.Hs	True	False	True	True	False	True	True	https://www.gsea-msigdb.org/gsea/msigdb/human/collections.jsp#H
TNFα–NF-κB	EGR2	MSigDB Hallmark v2024.Hs	True	False	True	True	False	True	True	https://www.gsea-msigdb.org/gsea/msigdb/human/collections.jsp#H
TNFα–NF-κB	EGR3	MSigDB Hallmark v2024.Hs	True	False	True	True	False	True	True	https://www.gsea-msigdb.org/gsea/msigdb/human/collections.jsp#H
TNFα–NF-κB	EHD1	MSigDB Hallmark v2024.Hs	True	False	True	False	True	True	True	https://www.gsea-msigdb.org/gsea/msigdb/human/collections.jsp#H
TNFα–NF-κB	EIF1	MSigDB Hallmark v2024.Hs	True	False	True	False	True	True	True	https://www.gsea-msigdb.org/gsea/msigdb/human/collections.jsp#H
TNFα–NF-κB	ETS2	MSigDB Hallmark v2024.Hs	True	False	True	True	False	True	True	https://www.gsea-msigdb.org/gsea/msigdb/human/collections.jsp#H
TNFα–NF-κB	F2RL1	MSigDB Hallmark v2024.Hs	True	False	True	False	True	True	True	https://www.gsea-msigdb.org/gsea/msigdb/human/collections.jsp#H
TNFα–NF-κB	F3	MSigDB Hallmark v2024.Hs	True	True	False	False	False	False	False	https://www.gsea-msigdb.org/gsea/msigdb/human/collections.jsp#H
TNFα–NF-κB	FJX1	MSigDB Hallmark v2024.Hs	True	False	True	True	False	True	True	https://www.gsea-msigdb.org/gsea/msigdb/human/collections.jsp#H
TNFα–NF-κB	FOS	MSigDB Hallmark v2024.Hs	True	False	True	True	False	True	True	https://www.gsea-msigdb.org/gsea/msigdb/human/collections.jsp#H
TNFα–NF-κB	FOSB	MSigDB Hallmark v2024.Hs	True	False	True	True	False	True	True	https://www.gsea-msigdb.org/gsea/msigdb/human/collections.jsp#H
TNFα–NF-κB	FOSL1	MSigDB Hallmark v2024.Hs	True	False	True	False	True	True	True	https://www.gsea-msigdb.org/gsea/msigdb/human/collections.jsp#H
TNFα–NF-κB	FOSL2	MSigDB Hallmark v2024.Hs	True	False	True	False	True	True	True	https://www.gsea-msigdb.org/gsea/msigdb/human/collections.jsp#H
TNFα–NF-κB	FUT4	MSigDB Hallmark v2024.Hs	True	False	True	False	True	True	True	https://www.gsea-msigdb.org/gsea/msigdb/human/collections.jsp#H
TNFα–NF-κB	G0S2	MSigDB Hallmark v2024.Hs	True	False	True	False	True	True	True	https://www.gsea-msigdb.org/gsea/msigdb/human/collections.jsp#H
TNFα–NF-κB	GADD45A	MSigDB Hallmark v2024.Hs	True	False	True	True	False	True	True	https://www.gsea-msigdb.org/gsea/msigdb/human/collections.jsp#H
TNFα–NF-κB	GADD45B	MSigDB Hallmark v2024.Hs	True	False	True	False	True	True	True	https://www.gsea-msigdb.org/gsea/msigdb/human/collections.jsp#H
TNFα–NF-κB	GCH1	MSigDB Hallmark v2024.Hs	True	False	True	False	True	True	True	https://www.gsea-msigdb.org/gsea/msigdb/human/collections.jsp#H
TNFα–NF-κB	GEM	MSigDB Hallmark v2024.Hs	True	False	True	True	False	True	True	https://www.gsea-msigdb.org/gsea/msigdb/human/collections.jsp#H
TNFα–NF-κB	GFPT2	MSigDB Hallmark v2024.Hs	True	False	True	False	True	True	True	https://www.gsea-msigdb.org/gsea/msigdb/human/collections.jsp#H
TNFα–NF-κB	GPR183	MSigDB Hallmark v2024.Hs	True	False	True	False	True	True	True	https://www.gsea-msigdb.org/gsea/msigdb/human/collections.jsp#H
TNFα–NF-κB	HBEGF	MSigDB Hallmark v2024.Hs	True	False	True	False	True	True	True	https://www.gsea-msigdb.org/gsea/msigdb/human/collections.jsp#H
TNFα–NF-κB	HES1	MSigDB Hallmark v2024.Hs	True	True	False	False	False	False	False	https://www.gsea-msigdb.org/gsea/msigdb/human/collections.jsp#H
TNFα–NF-κB	ICAM1	MSigDB Hallmark v2024.Hs	True	False	True	True	False	True	True	https://www.gsea-msigdb.org/gsea/msigdb/human/collections.jsp#H
TNFα–NF-κB	ICOSLG	MSigDB Hallmark v2024.Hs	True	False	True	False	True	True	True	https://www.gsea-msigdb.org/gsea/msigdb/human/collections.jsp#H
TNFα–NF-κB	ID2	MSigDB Hallmark v2024.Hs	True	False	True	False	True	True	True	https://www.gsea-msigdb.org/gsea/msigdb/human/collections.jsp#H
TNFα–NF-κB	IER2	MSigDB Hallmark v2024.Hs	True	False	True	True	False	True	True	https://www.gsea-msigdb.org/gsea/msigdb/human/collections.jsp#H
TNFα–NF-κB	IER3	MSigDB Hallmark v2024.Hs	True	False	True	False	True	True	True	https://www.gsea-msigdb.org/gsea/msigdb/human/collections.jsp#H
TNFα–NF-κB	IER5	MSigDB Hallmark v2024.Hs	True	False	True	True	False	True	True	https://www.gsea-msigdb.org/gsea/msigdb/human/collections.jsp#H
TNFα–NF-κB	IFIH1	MSigDB Hallmark v2024.Hs	True	False	True	False	True	True	True	https://www.gsea-msigdb.org/gsea/msigdb/human/collections.jsp#H
TNFα–NF-κB	IFIT2	MSigDB Hallmark v2024.Hs	True	False	True	False	True	True	True	https://www.gsea-msigdb.org/gsea/msigdb/human/collections.jsp#H
TNFα–NF-κB	IFNGR2	MSigDB Hallmark v2024.Hs	True	False	True	False	True	True	True	https://www.gsea-msigdb.org/gsea/msigdb/human/collections.jsp#H
TNFα–NF-κB	IL12B	MSigDB Hallmark v2024.Hs	True	False	True	False	True	True	True	https://www.gsea-msigdb.org/gsea/msigdb/human/collections.jsp#H
TNFα–NF-κB	IL15RA	MSigDB Hallmark v2024.Hs	True	False	True	False	True	True	True	https://www.gsea-msigdb.org/gsea/msigdb/human/collections.jsp#H
TNFα–NF-κB	IL18	MSigDB Hallmark v2024.Hs	True	False	True	False	True	True	True	https://www.gsea-msigdb.org/gsea/msigdb/human/collections.jsp#H
TNFα–NF-κB	IL1A	MSigDB Hallmark v2024.Hs	True	False	True	False	True	True	True	https://www.gsea-msigdb.org/gsea/msigdb/human/collections.jsp#H
TNFα–NF-κB	IL1B	MSigDB Hallmark v2024.Hs	True	False	True	False	True	True	True	https://www.gsea-msigdb.org/gsea/msigdb/human/collections.jsp#H
TNFα–NF-κB	IL23A	MSigDB Hallmark v2024.Hs	True	False	True	False	True	True	True	https://www.gsea-msigdb.org/gsea/msigdb/human/collections.jsp#H
TNFα–NF-κB	IL6	MSigDB Hallmark v2024.Hs	True	False	True	True	False	True	True	https://www.gsea-msigdb.org/gsea/msigdb/human/collections.jsp#H
TNFα–NF-κB	IL6ST	MSigDB Hallmark v2024.Hs	True	False	True	False	True	True	True	https://www.gsea-msigdb.org/gsea/msigdb/human/collections.jsp#H
TNFα–NF-κB	IL7R	MSigDB Hallmark v2024.Hs	True	False	True	False	True	True	True	https://www.gsea-msigdb.org/gsea/msigdb/human/collections.jsp#H
TNFα–NF-κB	INHBA	MSigDB Hallmark v2024.Hs	True	False	True	False	True	True	True	https://www.gsea-msigdb.org/gsea/msigdb/human/collections.jsp#H
TNFα–NF-κB	IRF1	MSigDB Hallmark v2024.Hs	True	False	True	True	False	True	True	https://www.gsea-msigdb.org/gsea/msigdb/human/collections.jsp#H
TNFα–NF-κB	IRS2	MSigDB Hallmark v2024.Hs	True	False	True	False	True	True	True	https://www.gsea-msigdb.org/gsea/msigdb/human/collections.jsp#H
TNFα–NF-κB	JAG1	MSigDB Hallmark v2024.Hs	True	False	True	True	False	True	True	https://www.gsea-msigdb.org/gsea/msigdb/human/collections.jsp#H
TNFα–NF-κB	JUN	MSigDB Hallmark v2024.Hs	True	False	True	True	False	True	True	https://www.gsea-msigdb.org/gsea/msigdb/human/collections.jsp#H
TNFα–NF-κB	JUNB	MSigDB Hallmark v2024.Hs	True	False	True	True	False	True	True	https://www.gsea-msigdb.org/gsea/msigdb/human/collections.jsp#H
TNFα–NF-κB	KDM6B	MSigDB Hallmark v2024.Hs	True	False	True	False	True	True	True	https://www.gsea-msigdb.org/gsea/msigdb/human/collections.jsp#H
TNFα–NF-κB	KLF10	MSigDB Hallmark v2024.Hs	True	False	True	False	True	True	True	https://www.gsea-msigdb.org/gsea/msigdb/human/collections.jsp#H
TNFα–NF-κB	KLF2	MSigDB Hallmark v2024.Hs	True	False	True	False	True	True	True	https://www.gsea-msigdb.org/gsea/msigdb/human/collections.jsp#H
TNFα–NF-κB	KLF4	MSigDB Hallmark v2024.Hs	True	True	False	False	False	False	False	https://www.gsea-msigdb.org/gsea/msigdb/human/collections.jsp#H
TNFα–NF-κB	KLF6	MSigDB Hallmark v2024.Hs	True	False	True	True	False	True	True	https://www.gsea-msigdb.org/gsea/msigdb/human/collections.jsp#H
TNFα–NF-κB	KLF9	MSigDB Hallmark v2024.Hs	True	False	True	False	True	True	True	https://www.gsea-msigdb.org/gsea/msigdb/human/collections.jsp#H
TNFα–NF-κB	KYNU	MSigDB Hallmark v2024.Hs	True	False	True	False	True	True	True	https://www.gsea-msigdb.org/gsea/msigdb/human/collections.jsp#H
TNFα–NF-κB	LAMB3	MSigDB Hallmark v2024.Hs	True	False	True	True	False	True	True	https://www.gsea-msigdb.org/gsea/msigdb/human/collections.jsp#H
TNFα–NF-κB	LDLR	MSigDB Hallmark v2024.Hs	True	False	True	True	False	True	True	https://www.gsea-msigdb.org/gsea/msigdb/human/collections.jsp#H
TNFα–NF-κB	LIF	MSigDB Hallmark v2024.Hs	True	False	True	False	True	True	True	https://www.gsea-msigdb.org/gsea/msigdb/human/collections.jsp#H
TNFα–NF-κB	LITAF	MSigDB Hallmark v2024.Hs	True	False	True	False	True	True	True	https://www.gsea-msigdb.org/gsea/msigdb/human/collections.jsp#H
TNFα–NF-κB	MAFF	MSigDB Hallmark v2024.Hs	True	False	True	True	False	True	True	https://www.gsea-msigdb.org/gsea/msigdb/human/collections.jsp#H
TNFα–NF-κB	MAP2K3	MSigDB Hallmark v2024.Hs	True	False	True	False	True	True	True	https://www.gsea-msigdb.org/gsea/msigdb/human/collections.jsp#H
TNFα–NF-κB	MAP3K8	MSigDB Hallmark v2024.Hs	True	False	True	False	True	True	True	https://www.gsea-msigdb.org/gsea/msigdb/human/collections.jsp#H
TNFα–NF-κB	MARCKS	MSigDB Hallmark v2024.Hs	True	False	True	False	True	True	True	https://www.gsea-msigdb.org/gsea/msigdb/human/collections.jsp#H
TNFα–NF-κB	MCL1	MSigDB Hallmark v2024.Hs	True	False	True	True	False	True	True	https://www.gsea-msigdb.org/gsea/msigdb/human/collections.jsp#H
TNFα–NF-κB	MSC	MSigDB Hallmark v2024.Hs	True	False	True	False	True	True	True	https://www.gsea-msigdb.org/gsea/msigdb/human/collections.jsp#H
TNFα–NF-κB	MXD1	MSigDB Hallmark v2024.Hs	True	False	True	False	True	True	True	https://www.gsea-msigdb.org/gsea/msigdb/human/collections.jsp#H
TNFα–NF-κB	MYC	MSigDB Hallmark v2024.Hs	True	False	True	False	True	True	True	https://www.gsea-msigdb.org/gsea/msigdb/human/collections.jsp#H
TNFα–NF-κB	NAMPT	MSigDB Hallmark v2024.Hs	True	False	True	False	True	True	True	https://www.gsea-msigdb.org/gsea/msigdb/human/collections.jsp#H
TNFα–NF-κB	NFAT5	MSigDB Hallmark v2024.Hs	True	False	True	False	True	True	True	https://www.gsea-msigdb.org/gsea/msigdb/human/collections.jsp#H
TNFα–NF-κB	NFE2L2	MSigDB Hallmark v2024.Hs	True	False	True	False	True	True	True	https://www.gsea-msigdb.org/gsea/msigdb/human/collections.jsp#H
TNFα–NF-κB	NFIL3	MSigDB Hallmark v2024.Hs	True	False	True	False	True	True	True	https://www.gsea-msigdb.org/gsea/msigdb/human/collections.jsp#H
TNFα–NF-κB	NFKB1	MSigDB Hallmark v2024.Hs	True	False	True	False	True	True	True	https://www.gsea-msigdb.org/gsea/msigdb/human/collections.jsp#H
TNFα–NF-κB	NFKB2	MSigDB Hallmark v2024.Hs	True	False	True	False	True	True	True	https://www.gsea-msigdb.org/gsea/msigdb/human/collections.jsp#H
TNFα–NF-κB	NFKBIA	MSigDB Hallmark v2024.Hs	True	False	True	False	True	True	True	https://www.gsea-msigdb.org/gsea/msigdb/human/collections.jsp#H
TNFα–NF-κB	NFKBIE	MSigDB Hallmark v2024.Hs	True	False	True	False	True	True	True	https://www.gsea-msigdb.org/gsea/msigdb/human/collections.jsp#H
TNFα–NF-κB	NINJ1	MSigDB Hallmark v2024.Hs	True	False	True	False	True	True	True	https://www.gsea-msigdb.org/gsea/msigdb/human/collections.jsp#H
TNFα–NF-κB	NR4A1	MSigDB Hallmark v2024.Hs	True	False	True	True	False	True	True	https://www.gsea-msigdb.org/gsea/msigdb/human/collections.jsp#H
TNFα–NF-κB	NR4A2	MSigDB Hallmark v2024.Hs	True	False	True	True	False	True	True	https://www.gsea-msigdb.org/gsea/msigdb/human/collections.jsp#H
TNFα–NF-κB	NR4A3	MSigDB Hallmark v2024.Hs	True	False	True	True	False	True	True	https://www.gsea-msigdb.org/gsea/msigdb/human/collections.jsp#H
TNFα–NF-κB	OLR1	MSigDB Hallmark v2024.Hs	True	False	True	False	True	True	True	https://www.gsea-msigdb.org/gsea/msigdb/human/collections.jsp#H
TNFα–NF-κB	PANX1	MSigDB Hallmark v2024.Hs	True	False	True	False	True	True	True	https://www.gsea-msigdb.org/gsea/msigdb/human/collections.jsp#H
TNFα–NF-κB	PDE4B	MSigDB Hallmark v2024.Hs	True	False	True	True	False	True	True	https://www.gsea-msigdb.org/gsea/msigdb/human/collections.jsp#H
TNFα–NF-κB	PDLIM5	MSigDB Hallmark v2024.Hs	True	False	True	False	True	True	True	https://www.gsea-msigdb.org/gsea/msigdb/human/collections.jsp#H
TNFα–NF-κB	PER1	MSigDB Hallmark v2024.Hs	True	False	True	False	True	True	True	https://www.gsea-msigdb.org/gsea/msigdb/human/collections.jsp#H
TNFα–NF-κB	PFKFB3	MSigDB Hallmark v2024.Hs	True	False	True	False	True	True	True	https://www.gsea-msigdb.org/gsea/msigdb/human/collections.jsp#H
TNFα–NF-κB	PHLDA1	MSigDB Hallmark v2024.Hs	True	False	True	False	True	True	True	https://www.gsea-msigdb.org/gsea/msigdb/human/collections.jsp#H
TNFα–NF-κB	PHLDA2	MSigDB Hallmark v2024.Hs	True	False	True	False	True	True	True	https://www.gsea-msigdb.org/gsea/msigdb/human/collections.jsp#H
TNFα–NF-κB	PLAU	MSigDB Hallmark v2024.Hs	True	False	True	False	True	True	True	https://www.gsea-msigdb.org/gsea/msigdb/human/collections.jsp#H
TNFα–NF-κB	PLAUR	MSigDB Hallmark v2024.Hs	True	False	True	True	False	True	True	https://www.gsea-msigdb.org/gsea/msigdb/human/collections.jsp#H
TNFα–NF-κB	PLEK	MSigDB Hallmark v2024.Hs	True	False	True	False	True	True	True	https://www.gsea-msigdb.org/gsea/msigdb/human/collections.jsp#H
TNFα–NF-κB	PLK2	MSigDB Hallmark v2024.Hs	True	False	True	True	False	True	True	https://www.gsea-msigdb.org/gsea/msigdb/human/collections.jsp#H
TNFα–NF-κB	PLPP3	MSigDB Hallmark v2024.Hs	True	False	True	False	True	True	True	https://www.gsea-msigdb.org/gsea/msigdb/human/collections.jsp#H
TNFα–NF-κB	PMEPA1	MSigDB Hallmark v2024.Hs	True	False	True	False	True	True	True	https://www.gsea-msigdb.org/gsea/msigdb/human/collections.jsp#H
TNFα–NF-κB	PNRC1	MSigDB Hallmark v2024.Hs	True	False	True	False	True	True	True	https://www.gsea-msigdb.org/gsea/msigdb/human/collections.jsp#H
TNFα–NF-κB	PPP1R15A	MSigDB Hallmark v2024.Hs	True	False	True	True	False	True	True	https://www.gsea-msigdb.org/gsea/msigdb/human/collections.jsp#H
TNFα–NF-κB	PTGER4	MSigDB Hallmark v2024.Hs	True	False	True	False	True	True	True	https://www.gsea-msigdb.org/gsea/msigdb/human/collections.jsp#H
TNFα–NF-κB	PTGS2	MSigDB Hallmark v2024.Hs	True	False	True	False	True	True	True	https://www.gsea-msigdb.org/gsea/msigdb/human/collections.jsp#H
TNFα–NF-κB	PTPRE	MSigDB Hallmark v2024.Hs	True	False	True	False	True	True	True	https://www.gsea-msigdb.org/gsea/msigdb/human/collections.jsp#H
TNFα–NF-κB	PTX3	MSigDB Hallmark v2024.Hs	True	False	True	False	True	True	True	https://www.gsea-msigdb.org/gsea/msigdb/human/collections.jsp#H
TNFα–NF-κB	RCAN1	MSigDB Hallmark v2024.Hs	True	False	True	False	True	True	True	https://www.gsea-msigdb.org/gsea/msigdb/human/collections.jsp#H
TNFα–NF-κB	REL	MSigDB Hallmark v2024.Hs	True	False	True	True	False	True	True	https://www.gsea-msigdb.org/gsea/msigdb/human/collections.jsp#H
TNFα–NF-κB	RELA	MSigDB Hallmark v2024.Hs	True	False	True	False	True	True	True	https://www.gsea-msigdb.org/gsea/msigdb/human/collections.jsp#H
TNFα–NF-κB	RELB	MSigDB Hallmark v2024.Hs	True	False	True	False	True	True	True	https://www.gsea-msigdb.org/gsea/msigdb/human/collections.jsp#H
TNFα–NF-κB	RHOB	MSigDB Hallmark v2024.Hs	True	False	True	False	True	True	True	https://www.gsea-msigdb.org/gsea/msigdb/human/collections.jsp#H
TNFα–NF-κB	RIGI	MSigDB Hallmark v2024.Hs	True	False	True	False	True	False	False	https://www.gsea-msigdb.org/gsea/msigdb/human/collections.jsp#H
TNFα–NF-κB	RIPK2	MSigDB Hallmark v2024.Hs	True	False	True	False	True	True	True	https://www.gsea-msigdb.org/gsea/msigdb/human/collections.jsp#H
TNFα–NF-κB	RNF19B	MSigDB Hallmark v2024.Hs	True	False	True	False	True	True	True	https://www.gsea-msigdb.org/gsea/msigdb/human/collections.jsp#H
TNFα–NF-κB	SAT1	MSigDB Hallmark v2024.Hs	True	False	True	False	True	True	True	https://www.gsea-msigdb.org/gsea/msigdb/human/collections.jsp#H
TNFα–NF-κB	SDC4	MSigDB Hallmark v2024.Hs	True	False	True	False	True	True	True	https://www.gsea-msigdb.org/gsea/msigdb/human/collections.jsp#H
TNFα–NF-κB	SERPINB2	MSigDB Hallmark v2024.Hs	True	False	True	False	True	True	True	https://www.gsea-msigdb.org/gsea/msigdb/human/collections.jsp#H
TNFα–NF-κB	SERPINB8	MSigDB Hallmark v2024.Hs	True	False	True	False	True	True	True	https://www.gsea-msigdb.org/gsea/msigdb/human/collections.jsp#H
TNFα–NF-κB	SERPINE1	MSigDB Hallmark v2024.Hs	True	False	True	False	True	True	True	https://www.gsea-msigdb.org/gsea/msigdb/human/collections.jsp#H
TNFα–NF-κB	SGK1	MSigDB Hallmark v2024.Hs	True	False	True	False	True	True	True	https://www.gsea-msigdb.org/gsea/msigdb/human/collections.jsp#H
TNFα–NF-κB	SIK1	MSigDB Hallmark v2024.Hs	True	False	True	False	True	True	True	https://www.gsea-msigdb.org/gsea/msigdb/human/collections.jsp#H
TNFα–NF-κB	SLC16A6	MSigDB Hallmark v2024.Hs	True	False	True	False	True	True	True	https://www.gsea-msigdb.org/gsea/msigdb/human/collections.jsp#H
TNFα–NF-κB	SLC2A3	MSigDB Hallmark v2024.Hs	True	False	True	False	True	True	True	https://www.gsea-msigdb.org/gsea/msigdb/human/collections.jsp#H
TNFα–NF-κB	SLC2A6	MSigDB Hallmark v2024.Hs	True	False	True	False	True	True	True	https://www.gsea-msigdb.org/gsea/msigdb/human/collections.jsp#H
TNFα–NF-κB	SMAD3	MSigDB Hallmark v2024.Hs	True	False	True	False	True	True	True	https://www.gsea-msigdb.org/gsea/msigdb/human/collections.jsp#H
TNFα–NF-κB	SNN	MSigDB Hallmark v2024.Hs	True	False	True	False	True	True	True	https://www.gsea-msigdb.org/gsea/msigdb/human/collections.jsp#H
TNFα–NF-κB	SOCS3	MSigDB Hallmark v2024.Hs	True	False	True	True	False	True	True	https://www.gsea-msigdb.org/gsea/msigdb/human/collections.jsp#H
TNFα–NF-κB	SOD2	MSigDB Hallmark v2024.Hs	True	False	True	False	True	True	False	https://www.gsea-msigdb.org/gsea/msigdb/human/collections.jsp#H
TNFα–NF-κB	SPHK1	MSigDB Hallmark v2024.Hs	True	False	True	False	True	True	True	https://www.gsea-msigdb.org/gsea/msigdb/human/collections.jsp#H
TNFα–NF-κB	SPSB1	MSigDB Hallmark v2024.Hs	True	False	True	False	True	True	True	https://www.gsea-msigdb.org/gsea/msigdb/human/collections.jsp#H
TNFα–NF-κB	SQSTM1	MSigDB Hallmark v2024.Hs	True	False	True	False	True	True	True	https://www.gsea-msigdb.org/gsea/msigdb/human/collections.jsp#H
TNFα–NF-κB	STAT5A	MSigDB Hallmark v2024.Hs	True	False	True	False	True	True	True	https://www.gsea-msigdb.org/gsea/msigdb/human/collections.jsp#H
TNFα–NF-κB	TANK	MSigDB Hallmark v2024.Hs	True	False	True	False	True	True	True	https://www.gsea-msigdb.org/gsea/msigdb/human/collections.jsp#H
TNFα–NF-κB	TAP1	MSigDB Hallmark v2024.Hs	True	False	True	False	True	True	True	https://www.gsea-msigdb.org/gsea/msigdb/human/collections.jsp#H
TNFα–NF-κB	TGIF1	MSigDB Hallmark v2024.Hs	True	False	True	False	True	True	True	https://www.gsea-msigdb.org/gsea/msigdb/human/collections.jsp#H
TNFα–NF-κB	TIPARP	MSigDB Hallmark v2024.Hs	True	False	True	True	False	True	True	https://www.gsea-msigdb.org/gsea/msigdb/human/collections.jsp#H
TNFα–NF-κB	TLR2	MSigDB Hallmark v2024.Hs	True	False	True	False	True	True	True	https://www.gsea-msigdb.org/gsea/msigdb/human/collections.jsp#H
TNFα–NF-κB	TNC	MSigDB Hallmark v2024.Hs	True	False	True	False	True	True	True	https://www.gsea-msigdb.org/gsea/msigdb/human/collections.jsp#H
TNFα–NF-κB	TNF	MSigDB Hallmark v2024.Hs	True	False	True	True	False	True	True	https://www.gsea-msigdb.org/gsea/msigdb/human/collections.jsp#H
TNFα–NF-κB	TNFAIP2	MSigDB Hallmark v2024.Hs	True	False	True	False	True	True	True	https://www.gsea-msigdb.org/gsea/msigdb/human/collections.jsp#H
TNFα–NF-κB	TNFAIP3	MSigDB Hallmark v2024.Hs	True	False	True	True	False	True	True	https://www.gsea-msigdb.org/gsea/msigdb/human/collections.jsp#H
TNFα–NF-κB	TNFAIP6	MSigDB Hallmark v2024.Hs	True	False	True	False	True	True	True	https://www.gsea-msigdb.org/gsea/msigdb/human/collections.jsp#H
TNFα–NF-κB	TNFAIP8	MSigDB Hallmark v2024.Hs	True	False	True	False	True	True	True	https://www.gsea-msigdb.org/gsea/msigdb/human/collections.jsp#H
TNFα–NF-κB	TNFRSF9	MSigDB Hallmark v2024.Hs	True	False	True	False	True	True	True	https://www.gsea-msigdb.org/gsea/msigdb/human/collections.jsp#H
TNFα–NF-κB	TNFSF9	MSigDB Hallmark v2024.Hs	True	False	True	False	True	True	True	https://www.gsea-msigdb.org/gsea/msigdb/human/collections.jsp#H
TNFα–NF-κB	TNIP1	MSigDB Hallmark v2024.Hs	True	False	True	False	True	True	True	https://www.gsea-msigdb.org/gsea/msigdb/human/collections.jsp#H
TNFα–NF-κB	TNIP2	MSigDB Hallmark v2024.Hs	True	False	True	False	True	True	True	https://www.gsea-msigdb.org/gsea/msigdb/human/collections.jsp#H
TNFα–NF-κB	TRAF1	MSigDB Hallmark v2024.Hs	True	False	True	False	True	True	True	https://www.gsea-msigdb.org/gsea/msigdb/human/collections.jsp#H
TNFα–NF-κB	TRIB1	MSigDB Hallmark v2024.Hs	True	False	True	True	False	True	True	https://www.gsea-msigdb.org/gsea/msigdb/human/collections.jsp#H
TNFα–NF-κB	TRIP10	MSigDB Hallmark v2024.Hs	True	False	True	False	True	True	True	https://www.gsea-msigdb.org/gsea/msigdb/human/collections.jsp#H
TNFα–NF-κB	TSC22D1	MSigDB Hallmark v2024.Hs	True	False	True	False	True	True	True	https://www.gsea-msigdb.org/gsea/msigdb/human/collections.jsp#H
TNFα–NF-κB	TUBB2A	MSigDB Hallmark v2024.Hs	True	False	True	False	True	True	True	https://www.gsea-msigdb.org/gsea/msigdb/human/collections.jsp#H
TNFα–NF-κB	VEGFA	MSigDB Hallmark v2024.Hs	True	False	True	True	False	True	True	https://www.gsea-msigdb.org/gsea/msigdb/human/collections.jsp#H
TNFα–NF-κB	YRDC	MSigDB Hallmark v2024.Hs	True	False	True	False	True	True	True	https://www.gsea-msigdb.org/gsea/msigdb/human/collections.jsp#H
TNFα–NF-κB	ZBTB10	MSigDB Hallmark v2024.Hs	True	False	True	True	False	True	True	https://www.gsea-msigdb.org/gsea/msigdb/human/collections.jsp#H
TNFα–NF-κB	ZC3H12A	MSigDB Hallmark v2024.Hs	True	False	True	True	False	True	True	https://www.gsea-msigdb.org/gsea/msigdb/human/collections.jsp#H
TNFα–NF-κB	ZFP36	MSigDB Hallmark v2024.Hs	True	False	True	True	False	True	True	https://www.gsea-msigdb.org/gsea/msigdb/human/collections.jsp#H
EMT	ABI3BP	MSigDB Hallmark v2024.Hs	True	False	True	False	True	True	True	https://www.gsea-msigdb.org/gsea/msigdb/human/collections.jsp#H
EMT	ACTA2	MSigDB Hallmark v2024.Hs	True	False	True	False	True	True	True	https://www.gsea-msigdb.org/gsea/msigdb/human/collections.jsp#H
EMT	ADAM12	MSigDB Hallmark v2024.Hs	True	False	True	False	True	True	True	https://www.gsea-msigdb.org/gsea/msigdb/human/collections.jsp#H
EMT	ANPEP	MSigDB Hallmark v2024.Hs	True	False	True	False	True	True	True	https://www.gsea-msigdb.org/gsea/msigdb/human/collections.jsp#H
EMT	APLP1	MSigDB Hallmark v2024.Hs	True	False	True	False	True	True	True	https://www.gsea-msigdb.org/gsea/msigdb/human/collections.jsp#H
EMT	AREG	MSigDB Hallmark v2024.Hs	True	True	False	False	False	False	False	https://www.gsea-msigdb.org/gsea/msigdb/human/collections.jsp#H
EMT	BASP1	MSigDB Hallmark v2024.Hs	True	False	True	False	True	True	True	https://www.gsea-msigdb.org/gsea/msigdb/human/collections.jsp#H
EMT	BDNF	MSigDB Hallmark v2024.Hs	True	False	True	False	True	True	True	https://www.gsea-msigdb.org/gsea/msigdb/human/collections.jsp#H
EMT	BGN	MSigDB Hallmark v2024.Hs	True	False	True	False	True	True	True	https://www.gsea-msigdb.org/gsea/msigdb/human/collections.jsp#H
EMT	BMP1	MSigDB Hallmark v2024.Hs	True	False	True	False	True	True	True	https://www.gsea-msigdb.org/gsea/msigdb/human/collections.jsp#H
EMT	CADM1	MSigDB Hallmark v2024.Hs	True	False	True	False	True	True	True	https://www.gsea-msigdb.org/gsea/msigdb/human/collections.jsp#H
EMT	CALD1	MSigDB Hallmark v2024.Hs	True	False	True	False	True	True	True	https://www.gsea-msigdb.org/gsea/msigdb/human/collections.jsp#H
EMT	CALU	MSigDB Hallmark v2024.Hs	True	False	True	False	True	True	True	https://www.gsea-msigdb.org/gsea/msigdb/human/collections.jsp#H
EMT	CAP2	MSigDB Hallmark v2024.Hs	True	False	True	False	True	True	True	https://www.gsea-msigdb.org/gsea/msigdb/human/collections.jsp#H
EMT	CAPG	MSigDB Hallmark v2024.Hs	True	False	True	False	True	True	True	https://www.gsea-msigdb.org/gsea/msigdb/human/collections.jsp#H
EMT	CCN1	MSigDB Hallmark v2024.Hs	True	False	True	False	True	False	False	https://www.gsea-msigdb.org/gsea/msigdb/human/collections.jsp#H
EMT	CCN2	MSigDB Hallmark v2024.Hs	True	False	True	False	True	False	False	https://www.gsea-msigdb.org/gsea/msigdb/human/collections.jsp#H
EMT	CD44	MSigDB Hallmark v2024.Hs	True	True	False	False	False	False	False	https://www.gsea-msigdb.org/gsea/msigdb/human/collections.jsp#H
EMT	CD59	MSigDB Hallmark v2024.Hs	True	False	True	False	True	True	True	https://www.gsea-msigdb.org/gsea/msigdb/human/collections.jsp#H
EMT	CDH11	MSigDB Hallmark v2024.Hs	True	False	True	False	True	True	True	https://www.gsea-msigdb.org/gsea/msigdb/human/collections.jsp#H
EMT	CDH2	MSigDB Hallmark v2024.Hs	True	False	True	False	True	True	True	https://www.gsea-msigdb.org/gsea/msigdb/human/collections.jsp#H
EMT	CDH6	MSigDB Hallmark v2024.Hs	True	False	True	False	True	True	True	https://www.gsea-msigdb.org/gsea/msigdb/human/collections.jsp#H
EMT	COL11A1	MSigDB Hallmark v2024.Hs	True	False	True	False	True	True	True	https://www.gsea-msigdb.org/gsea/msigdb/human/collections.jsp#H
EMT	COL12A1	MSigDB Hallmark v2024.Hs	True	False	True	False	True	True	True	https://www.gsea-msigdb.org/gsea/msigdb/human/collections.jsp#H
EMT	COL16A1	MSigDB Hallmark v2024.Hs	True	False	True	False	True	True	True	https://www.gsea-msigdb.org/gsea/msigdb/human/collections.jsp#H
EMT	COL1A1	MSigDB Hallmark v2024.Hs	True	False	True	False	True	True	True	https://www.gsea-msigdb.org/gsea/msigdb/human/collections.jsp#H
EMT	COL1A2	MSigDB Hallmark v2024.Hs	True	False	True	False	True	True	True	https://www.gsea-msigdb.org/gsea/msigdb/human/collections.jsp#H
EMT	COL3A1	MSigDB Hallmark v2024.Hs	True	False	True	False	True	True	True	https://www.gsea-msigdb.org/gsea/msigdb/human/collections.jsp#H
EMT	COL4A1	MSigDB Hallmark v2024.Hs	True	False	True	False	True	True	True	https://www.gsea-msigdb.org/gsea/msigdb/human/collections.jsp#H
EMT	COL4A2	MSigDB Hallmark v2024.Hs	True	False	True	False	True	True	True	https://www.gsea-msigdb.org/gsea/msigdb/human/collections.jsp#H
EMT	COL5A1	MSigDB Hallmark v2024.Hs	True	False	True	False	True	True	True	https://www.gsea-msigdb.org/gsea/msigdb/human/collections.jsp#H
EMT	COL5A2	MSigDB Hallmark v2024.Hs	True	False	True	False	True	True	True	https://www.gsea-msigdb.org/gsea/msigdb/human/collections.jsp#H
EMT	COL5A3	MSigDB Hallmark v2024.Hs	True	False	True	False	True	True	True	https://www.gsea-msigdb.org/gsea/msigdb/human/collections.jsp#H
EMT	COL6A2	MSigDB Hallmark v2024.Hs	True	False	True	False	True	True	True	https://www.gsea-msigdb.org/gsea/msigdb/human/collections.jsp#H
EMT	COL6A3	MSigDB Hallmark v2024.Hs	True	False	True	False	True	True	True	https://www.gsea-msigdb.org/gsea/msigdb/human/collections.jsp#H
EMT	COL7A1	MSigDB Hallmark v2024.Hs	True	False	True	False	True	True	True	https://www.gsea-msigdb.org/gsea/msigdb/human/collections.jsp#H
EMT	COL8A2	MSigDB Hallmark v2024.Hs	True	False	True	False	True	True	True	https://www.gsea-msigdb.org/gsea/msigdb/human/collections.jsp#H
EMT	COLGALT1	MSigDB Hallmark v2024.Hs	True	False	True	False	True	True	True	https://www.gsea-msigdb.org/gsea/msigdb/human/collections.jsp#H
EMT	COMP	MSigDB Hallmark v2024.Hs	True	False	True	False	True	True	True	https://www.gsea-msigdb.org/gsea/msigdb/human/collections.jsp#H
EMT	COPA	MSigDB Hallmark v2024.Hs	True	False	True	False	True	True	True	https://www.gsea-msigdb.org/gsea/msigdb/human/collections.jsp#H
EMT	CRLF1	MSigDB Hallmark v2024.Hs	True	False	True	False	True	True	True	https://www.gsea-msigdb.org/gsea/msigdb/human/collections.jsp#H
EMT	CTHRC1	MSigDB Hallmark v2024.Hs	True	False	True	False	True	True	True	https://www.gsea-msigdb.org/gsea/msigdb/human/collections.jsp#H
EMT	CXCL1	MSigDB Hallmark v2024.Hs	True	False	True	False	True	True	True	https://www.gsea-msigdb.org/gsea/msigdb/human/collections.jsp#H
EMT	CXCL12	MSigDB Hallmark v2024.Hs	True	False	True	False	True	True	True	https://www.gsea-msigdb.org/gsea/msigdb/human/collections.jsp#H
EMT	CXCL6	MSigDB Hallmark v2024.Hs	True	False	True	False	True	True	True	https://www.gsea-msigdb.org/gsea/msigdb/human/collections.jsp#H
EMT	CXCL8	MSigDB Hallmark v2024.Hs	True	False	True	False	True	True	True	https://www.gsea-msigdb.org/gsea/msigdb/human/collections.jsp#H
EMT	DAB2	MSigDB Hallmark v2024.Hs	True	False	True	False	True	True	True	https://www.gsea-msigdb.org/gsea/msigdb/human/collections.jsp#H
EMT	DCN	MSigDB Hallmark v2024.Hs	True	False	True	False	True	True	True	https://www.gsea-msigdb.org/gsea/msigdb/human/collections.jsp#H
EMT	DKK1	MSigDB Hallmark v2024.Hs	True	False	True	True	False	True	True	https://www.gsea-msigdb.org/gsea/msigdb/human/collections.jsp#H
EMT	DPYSL3	MSigDB Hallmark v2024.Hs	True	False	True	False	True	True	True	https://www.gsea-msigdb.org/gsea/msigdb/human/collections.jsp#H
EMT	DST	MSigDB Hallmark v2024.Hs	True	False	True	False	True	True	True	https://www.gsea-msigdb.org/gsea/msigdb/human/collections.jsp#H
EMT	ECM1	MSigDB Hallmark v2024.Hs	True	False	True	False	True	True	True	https://www.gsea-msigdb.org/gsea/msigdb/human/collections.jsp#H
EMT	ECM2	MSigDB Hallmark v2024.Hs	True	False	True	False	True	True	True	https://www.gsea-msigdb.org/gsea/msigdb/human/collections.jsp#H
EMT	EDIL3	MSigDB Hallmark v2024.Hs	True	False	True	False	True	True	True	https://www.gsea-msigdb.org/gsea/msigdb/human/collections.jsp#H
EMT	EFEMP2	MSigDB Hallmark v2024.Hs	True	False	True	False	True	True	True	https://www.gsea-msigdb.org/gsea/msigdb/human/collections.jsp#H
EMT	ELN	MSigDB Hallmark v2024.Hs	True	False	True	False	True	True	True	https://www.gsea-msigdb.org/gsea/msigdb/human/collections.jsp#H
EMT	EMP3	MSigDB Hallmark v2024.Hs	True	False	True	False	True	True	True	https://www.gsea-msigdb.org/gsea/msigdb/human/collections.jsp#H
EMT	ENO2	MSigDB Hallmark v2024.Hs	True	False	True	False	True	True	True	https://www.gsea-msigdb.org/gsea/msigdb/human/collections.jsp#H
EMT	FAP	MSigDB Hallmark v2024.Hs	True	False	True	False	True	True	True	https://www.gsea-msigdb.org/gsea/msigdb/human/collections.jsp#H
EMT	FAS	MSigDB Hallmark v2024.Hs	True	False	True	False	True	True	True	https://www.gsea-msigdb.org/gsea/msigdb/human/collections.jsp#H
EMT	FBLN1	MSigDB Hallmark v2024.Hs	True	False	True	False	True	True	True	https://www.gsea-msigdb.org/gsea/msigdb/human/collections.jsp#H
EMT	FBLN2	MSigDB Hallmark v2024.Hs	True	False	True	False	True	True	True	https://www.gsea-msigdb.org/gsea/msigdb/human/collections.jsp#H
EMT	FBLN5	MSigDB Hallmark v2024.Hs	True	False	True	False	True	True	True	https://www.gsea-msigdb.org/gsea/msigdb/human/collections.jsp#H
EMT	FBN1	MSigDB Hallmark v2024.Hs	True	False	True	False	True	True	True	https://www.gsea-msigdb.org/gsea/msigdb/human/collections.jsp#H
EMT	FBN2	MSigDB Hallmark v2024.Hs	True	False	True	False	True	True	True	https://www.gsea-msigdb.org/gsea/msigdb/human/collections.jsp#H
EMT	FERMT2	MSigDB Hallmark v2024.Hs	True	False	True	False	True	True	True	https://www.gsea-msigdb.org/gsea/msigdb/human/collections.jsp#H
EMT	FGF2	MSigDB Hallmark v2024.Hs	True	False	True	False	True	True	True	https://www.gsea-msigdb.org/gsea/msigdb/human/collections.jsp#H
EMT	FLNA	MSigDB Hallmark v2024.Hs	True	False	True	False	True	True	True	https://www.gsea-msigdb.org/gsea/msigdb/human/collections.jsp#H
EMT	FMOD	MSigDB Hallmark v2024.Hs	True	False	True	False	True	True	True	https://www.gsea-msigdb.org/gsea/msigdb/human/collections.jsp#H
EMT	FN1	MSigDB Hallmark v2024.Hs	True	False	True	True	False	True	True	https://www.gsea-msigdb.org/gsea/msigdb/human/collections.jsp#H
EMT	FOXC2	MSigDB Hallmark v2024.Hs	True	False	True	False	True	True	True	https://www.gsea-msigdb.org/gsea/msigdb/human/collections.jsp#H
EMT	FSTL1	MSigDB Hallmark v2024.Hs	True	False	True	False	True	True	True	https://www.gsea-msigdb.org/gsea/msigdb/human/collections.jsp#H
EMT	FSTL3	MSigDB Hallmark v2024.Hs	True	False	True	False	True	True	True	https://www.gsea-msigdb.org/gsea/msigdb/human/collections.jsp#H
EMT	FUCA1	MSigDB Hallmark v2024.Hs	True	False	True	False	True	True	True	https://www.gsea-msigdb.org/gsea/msigdb/human/collections.jsp#H
EMT	FZD8	MSigDB Hallmark v2024.Hs	True	False	True	False	True	True	True	https://www.gsea-msigdb.org/gsea/msigdb/human/collections.jsp#H
EMT	GADD45A	MSigDB Hallmark v2024.Hs	True	False	True	True	False	True	True	https://www.gsea-msigdb.org/gsea/msigdb/human/collections.jsp#H
EMT	GADD45B	MSigDB Hallmark v2024.Hs	True	False	True	False	True	True	True	https://www.gsea-msigdb.org/gsea/msigdb/human/collections.jsp#H
EMT	GAS1	MSigDB Hallmark v2024.Hs	True	False	True	False	True	True	True	https://www.gsea-msigdb.org/gsea/msigdb/human/collections.jsp#H
EMT	GEM	MSigDB Hallmark v2024.Hs	True	False	True	True	False	True	True	https://www.gsea-msigdb.org/gsea/msigdb/human/collections.jsp#H
EMT	GJA1	MSigDB Hallmark v2024.Hs	True	False	True	False	True	True	True	https://www.gsea-msigdb.org/gsea/msigdb/human/collections.jsp#H
EMT	GLIPR1	MSigDB Hallmark v2024.Hs	True	False	True	False	True	True	True	https://www.gsea-msigdb.org/gsea/msigdb/human/collections.jsp#H
EMT	GPC1	MSigDB Hallmark v2024.Hs	True	False	True	False	True	True	True	https://www.gsea-msigdb.org/gsea/msigdb/human/collections.jsp#H
EMT	GPX7	MSigDB Hallmark v2024.Hs	True	False	True	False	True	True	True	https://www.gsea-msigdb.org/gsea/msigdb/human/collections.jsp#H
EMT	GREM1	MSigDB Hallmark v2024.Hs	True	False	True	False	True	True	True	https://www.gsea-msigdb.org/gsea/msigdb/human/collections.jsp#H
EMT	HTRA1	MSigDB Hallmark v2024.Hs	True	False	True	False	True	True	True	https://www.gsea-msigdb.org/gsea/msigdb/human/collections.jsp#H
EMT	ID2	MSigDB Hallmark v2024.Hs	True	False	True	False	True	True	True	https://www.gsea-msigdb.org/gsea/msigdb/human/collections.jsp#H
EMT	IGFBP2	MSigDB Hallmark v2024.Hs	True	False	True	False	True	True	True	https://www.gsea-msigdb.org/gsea/msigdb/human/collections.jsp#H
EMT	IGFBP3	MSigDB Hallmark v2024.Hs	True	True	False	False	False	False	False	https://www.gsea-msigdb.org/gsea/msigdb/human/collections.jsp#H
EMT	IGFBP4	MSigDB Hallmark v2024.Hs	True	False	True	False	True	True	True	https://www.gsea-msigdb.org/gsea/msigdb/human/collections.jsp#H
EMT	IL15	MSigDB Hallmark v2024.Hs	True	False	True	False	True	True	True	https://www.gsea-msigdb.org/gsea/msigdb/human/collections.jsp#H
EMT	IL32	MSigDB Hallmark v2024.Hs	True	False	True	False	True	True	True	https://www.gsea-msigdb.org/gsea/msigdb/human/collections.jsp#H
EMT	IL6	MSigDB Hallmark v2024.Hs	True	False	True	True	False	True	True	https://www.gsea-msigdb.org/gsea/msigdb/human/collections.jsp#H
EMT	INHBA	MSigDB Hallmark v2024.Hs	True	False	True	False	True	True	True	https://www.gsea-msigdb.org/gsea/msigdb/human/collections.jsp#H
EMT	ITGA2	MSigDB Hallmark v2024.Hs	True	False	True	False	True	True	True	https://www.gsea-msigdb.org/gsea/msigdb/human/collections.jsp#H
EMT	ITGA5	MSigDB Hallmark v2024.Hs	True	False	True	False	True	True	True	https://www.gsea-msigdb.org/gsea/msigdb/human/collections.jsp#H
EMT	ITGAV	MSigDB Hallmark v2024.Hs	True	False	True	False	True	True	True	https://www.gsea-msigdb.org/gsea/msigdb/human/collections.jsp#H
EMT	ITGB1	MSigDB Hallmark v2024.Hs	True	False	True	False	True	True	True	https://www.gsea-msigdb.org/gsea/msigdb/human/collections.jsp#H
EMT	ITGB3	MSigDB Hallmark v2024.Hs	True	False	True	False	True	True	True	https://www.gsea-msigdb.org/gsea/msigdb/human/collections.jsp#H
EMT	ITGB5	MSigDB Hallmark v2024.Hs	True	False	True	False	True	True	True	https://www.gsea-msigdb.org/gsea/msigdb/human/collections.jsp#H
EMT	JUN	MSigDB Hallmark v2024.Hs	True	False	True	True	False	True	True	https://www.gsea-msigdb.org/gsea/msigdb/human/collections.jsp#H
EMT	LAMA1	MSigDB Hallmark v2024.Hs	True	False	True	False	True	True	True	https://www.gsea-msigdb.org/gsea/msigdb/human/collections.jsp#H
EMT	LAMA2	MSigDB Hallmark v2024.Hs	True	False	True	False	True	True	True	https://www.gsea-msigdb.org/gsea/msigdb/human/collections.jsp#H
EMT	LAMA3	MSigDB Hallmark v2024.Hs	True	False	True	False	True	True	True	https://www.gsea-msigdb.org/gsea/msigdb/human/collections.jsp#H
EMT	LAMC1	MSigDB Hallmark v2024.Hs	True	False	True	False	True	True	True	https://www.gsea-msigdb.org/gsea/msigdb/human/collections.jsp#H
EMT	LAMC2	MSigDB Hallmark v2024.Hs	True	False	True	True	False	True	True	https://www.gsea-msigdb.org/gsea/msigdb/human/collections.jsp#H
EMT	LGALS1	MSigDB Hallmark v2024.Hs	True	False	True	False	True	True	True	https://www.gsea-msigdb.org/gsea/msigdb/human/collections.jsp#H
EMT	LOX	MSigDB Hallmark v2024.Hs	True	False	True	False	True	True	True	https://www.gsea-msigdb.org/gsea/msigdb/human/collections.jsp#H
EMT	LOXL1	MSigDB Hallmark v2024.Hs	True	False	True	False	True	True	True	https://www.gsea-msigdb.org/gsea/msigdb/human/collections.jsp#H
EMT	LOXL2	MSigDB Hallmark v2024.Hs	True	False	True	False	True	True	True	https://www.gsea-msigdb.org/gsea/msigdb/human/collections.jsp#H
EMT	LRP1	MSigDB Hallmark v2024.Hs	True	False	True	True	False	True	True	https://www.gsea-msigdb.org/gsea/msigdb/human/collections.jsp#H
EMT	LRRC15	MSigDB Hallmark v2024.Hs	True	False	True	False	True	True	True	https://www.gsea-msigdb.org/gsea/msigdb/human/collections.jsp#H
EMT	LUM	MSigDB Hallmark v2024.Hs	True	False	True	False	True	True	True	https://www.gsea-msigdb.org/gsea/msigdb/human/collections.jsp#H
EMT	MAGEE1	MSigDB Hallmark v2024.Hs	True	False	True	False	True	True	True	https://www.gsea-msigdb.org/gsea/msigdb/human/collections.jsp#H
EMT	MATN2	MSigDB Hallmark v2024.Hs	True	False	True	False	True	True	True	https://www.gsea-msigdb.org/gsea/msigdb/human/collections.jsp#H
EMT	MATN3	MSigDB Hallmark v2024.Hs	True	False	True	False	True	True	True	https://www.gsea-msigdb.org/gsea/msigdb/human/collections.jsp#H
EMT	MCM7	MSigDB Hallmark v2024.Hs	True	False	True	False	True	True	True	https://www.gsea-msigdb.org/gsea/msigdb/human/collections.jsp#H
EMT	MEST	MSigDB Hallmark v2024.Hs	True	False	True	False	True	True	True	https://www.gsea-msigdb.org/gsea/msigdb/human/collections.jsp#H
EMT	MFAP5	MSigDB Hallmark v2024.Hs	True	False	True	False	True	True	True	https://www.gsea-msigdb.org/gsea/msigdb/human/collections.jsp#H
EMT	MGP	MSigDB Hallmark v2024.Hs	True	False	True	False	True	True	True	https://www.gsea-msigdb.org/gsea/msigdb/human/collections.jsp#H
EMT	MMP1	MSigDB Hallmark v2024.Hs	True	False	True	False	True	True	True	https://www.gsea-msigdb.org/gsea/msigdb/human/collections.jsp#H
EMT	MMP14	MSigDB Hallmark v2024.Hs	True	False	True	False	True	True	True	https://www.gsea-msigdb.org/gsea/msigdb/human/collections.jsp#H
EMT	MMP2	MSigDB Hallmark v2024.Hs	True	False	True	False	True	True	True	https://www.gsea-msigdb.org/gsea/msigdb/human/collections.jsp#H
EMT	MMP3	MSigDB Hallmark v2024.Hs	True	False	True	False	True	True	True	https://www.gsea-msigdb.org/gsea/msigdb/human/collections.jsp#H
EMT	MSX1	MSigDB Hallmark v2024.Hs	True	False	True	False	True	True	True	https://www.gsea-msigdb.org/gsea/msigdb/human/collections.jsp#H
EMT	MXRA5	MSigDB Hallmark v2024.Hs	True	False	True	False	True	True	True	https://www.gsea-msigdb.org/gsea/msigdb/human/collections.jsp#H
EMT	MYL9	MSigDB Hallmark v2024.Hs	True	False	True	False	True	True	True	https://www.gsea-msigdb.org/gsea/msigdb/human/collections.jsp#H
EMT	MYLK	MSigDB Hallmark v2024.Hs	True	False	True	False	True	True	True	https://www.gsea-msigdb.org/gsea/msigdb/human/collections.jsp#H
EMT	NID2	MSigDB Hallmark v2024.Hs	True	False	True	False	True	True	True	https://www.gsea-msigdb.org/gsea/msigdb/human/collections.jsp#H
EMT	NNMT	MSigDB Hallmark v2024.Hs	True	False	True	False	True	True	True	https://www.gsea-msigdb.org/gsea/msigdb/human/collections.jsp#H
EMT	NOTCH2	MSigDB Hallmark v2024.Hs	True	True	False	False	False	False	False	https://www.gsea-msigdb.org/gsea/msigdb/human/collections.jsp#H
EMT	NT5E	MSigDB Hallmark v2024.Hs	True	False	True	False	True	True	True	https://www.gsea-msigdb.org/gsea/msigdb/human/collections.jsp#H
EMT	NTM	MSigDB Hallmark v2024.Hs	True	False	True	False	True	True	True	https://www.gsea-msigdb.org/gsea/msigdb/human/collections.jsp#H
EMT	OXTR	MSigDB Hallmark v2024.Hs	True	False	True	False	True	True	True	https://www.gsea-msigdb.org/gsea/msigdb/human/collections.jsp#H
EMT	P3H1	MSigDB Hallmark v2024.Hs	True	False	True	False	True	True	True	https://www.gsea-msigdb.org/gsea/msigdb/human/collections.jsp#H
EMT	PCOLCE	MSigDB Hallmark v2024.Hs	True	False	True	False	True	True	True	https://www.gsea-msigdb.org/gsea/msigdb/human/collections.jsp#H
EMT	PCOLCE2	MSigDB Hallmark v2024.Hs	True	False	True	False	True	True	True	https://www.gsea-msigdb.org/gsea/msigdb/human/collections.jsp#H
EMT	PDGFRB	MSigDB Hallmark v2024.Hs	True	False	True	False	True	True	True	https://www.gsea-msigdb.org/gsea/msigdb/human/collections.jsp#H
EMT	PDLIM4	MSigDB Hallmark v2024.Hs	True	False	True	False	True	True	True	https://www.gsea-msigdb.org/gsea/msigdb/human/collections.jsp#H
EMT	PFN2	MSigDB Hallmark v2024.Hs	True	False	True	False	True	True	True	https://www.gsea-msigdb.org/gsea/msigdb/human/collections.jsp#H
EMT	PLAUR	MSigDB Hallmark v2024.Hs	True	False	True	True	False	True	True	https://www.gsea-msigdb.org/gsea/msigdb/human/collections.jsp#H
EMT	PLOD1	MSigDB Hallmark v2024.Hs	True	False	True	False	True	True	True	https://www.gsea-msigdb.org/gsea/msigdb/human/collections.jsp#H
EMT	PLOD2	MSigDB Hallmark v2024.Hs	True	False	True	False	True	True	True	https://www.gsea-msigdb.org/gsea/msigdb/human/collections.jsp#H
EMT	PLOD3	MSigDB Hallmark v2024.Hs	True	False	True	False	True	True	True	https://www.gsea-msigdb.org/gsea/msigdb/human/collections.jsp#H
EMT	PMEPA1	MSigDB Hallmark v2024.Hs	True	False	True	False	True	True	True	https://www.gsea-msigdb.org/gsea/msigdb/human/collections.jsp#H
EMT	PMP22	MSigDB Hallmark v2024.Hs	True	False	True	False	True	True	True	https://www.gsea-msigdb.org/gsea/msigdb/human/collections.jsp#H
EMT	POSTN	MSigDB Hallmark v2024.Hs	True	False	True	False	True	True	True	https://www.gsea-msigdb.org/gsea/msigdb/human/collections.jsp#H
EMT	PPIB	MSigDB Hallmark v2024.Hs	True	False	True	False	True	True	True	https://www.gsea-msigdb.org/gsea/msigdb/human/collections.jsp#H
EMT	PRRX1	MSigDB Hallmark v2024.Hs	True	False	True	False	True	True	True	https://www.gsea-msigdb.org/gsea/msigdb/human/collections.jsp#H
EMT	PRSS2	MSigDB Hallmark v2024.Hs	True	False	True	False	True	True	True	https://www.gsea-msigdb.org/gsea/msigdb/human/collections.jsp#H
EMT	PTHLH	MSigDB Hallmark v2024.Hs	True	False	True	False	True	True	True	https://www.gsea-msigdb.org/gsea/msigdb/human/collections.jsp#H
EMT	PTX3	MSigDB Hallmark v2024.Hs	True	False	True	False	True	True	True	https://www.gsea-msigdb.org/gsea/msigdb/human/collections.jsp#H
EMT	PVR	MSigDB Hallmark v2024.Hs	True	False	True	False	True	True	True	https://www.gsea-msigdb.org/gsea/msigdb/human/collections.jsp#H
EMT	QSOX1	MSigDB Hallmark v2024.Hs	True	False	True	False	True	True	True	https://www.gsea-msigdb.org/gsea/msigdb/human/collections.jsp#H
EMT	RGS4	MSigDB Hallmark v2024.Hs	True	False	True	False	True	True	True	https://www.gsea-msigdb.org/gsea/msigdb/human/collections.jsp#H
EMT	RHOB	MSigDB Hallmark v2024.Hs	True	False	True	False	True	True	True	https://www.gsea-msigdb.org/gsea/msigdb/human/collections.jsp#H
EMT	SAT1	MSigDB Hallmark v2024.Hs	True	False	True	False	True	True	True	https://www.gsea-msigdb.org/gsea/msigdb/human/collections.jsp#H
EMT	SCG2	MSigDB Hallmark v2024.Hs	True	False	True	False	True	True	True	https://www.gsea-msigdb.org/gsea/msigdb/human/collections.jsp#H
EMT	SDC1	MSigDB Hallmark v2024.Hs	True	False	True	False	True	True	True	https://www.gsea-msigdb.org/gsea/msigdb/human/collections.jsp#H
EMT	SDC4	MSigDB Hallmark v2024.Hs	True	False	True	False	True	True	True	https://www.gsea-msigdb.org/gsea/msigdb/human/collections.jsp#H
EMT	SERPINE1	MSigDB Hallmark v2024.Hs	True	False	True	False	True	True	True	https://www.gsea-msigdb.org/gsea/msigdb/human/collections.jsp#H
EMT	SERPINE2	MSigDB Hallmark v2024.Hs	True	False	True	False	True	True	True	https://www.gsea-msigdb.org/gsea/msigdb/human/collections.jsp#H
EMT	SERPINH1	MSigDB Hallmark v2024.Hs	True	False	True	False	True	True	True	https://www.gsea-msigdb.org/gsea/msigdb/human/collections.jsp#H
EMT	SFRP1	MSigDB Hallmark v2024.Hs	True	False	True	False	True	True	True	https://www.gsea-msigdb.org/gsea/msigdb/human/collections.jsp#H
EMT	SFRP4	MSigDB Hallmark v2024.Hs	True	False	True	False	True	True	True	https://www.gsea-msigdb.org/gsea/msigdb/human/collections.jsp#H
EMT	SGCB	MSigDB Hallmark v2024.Hs	True	False	True	False	True	True	True	https://www.gsea-msigdb.org/gsea/msigdb/human/collections.jsp#H
EMT	SGCD	MSigDB Hallmark v2024.Hs	True	False	True	False	True	True	True	https://www.gsea-msigdb.org/gsea/msigdb/human/collections.jsp#H
EMT	SGCG	MSigDB Hallmark v2024.Hs	True	False	True	False	True	True	True	https://www.gsea-msigdb.org/gsea/msigdb/human/collections.jsp#H
EMT	SLC6A8	MSigDB Hallmark v2024.Hs	True	False	True	False	True	True	True	https://www.gsea-msigdb.org/gsea/msigdb/human/collections.jsp#H
EMT	SLIT2	MSigDB Hallmark v2024.Hs	True	False	True	False	True	True	True	https://www.gsea-msigdb.org/gsea/msigdb/human/collections.jsp#H
EMT	SLIT3	MSigDB Hallmark v2024.Hs	True	False	True	False	True	True	True	https://www.gsea-msigdb.org/gsea/msigdb/human/collections.jsp#H
EMT	SNAI2	MSigDB Hallmark v2024.Hs	True	True	False	False	False	False	False	https://www.gsea-msigdb.org/gsea/msigdb/human/collections.jsp#H
EMT	SNTB1	MSigDB Hallmark v2024.Hs	True	False	True	False	True	True	True	https://www.gsea-msigdb.org/gsea/msigdb/human/collections.jsp#H
EMT	SPARC	MSigDB Hallmark v2024.Hs	True	False	True	False	True	True	True	https://www.gsea-msigdb.org/gsea/msigdb/human/collections.jsp#H
EMT	SPOCK1	MSigDB Hallmark v2024.Hs	True	False	True	False	True	True	True	https://www.gsea-msigdb.org/gsea/msigdb/human/collections.jsp#H
EMT	SPP1	MSigDB Hallmark v2024.Hs	True	False	True	False	True	True	True	https://www.gsea-msigdb.org/gsea/msigdb/human/collections.jsp#H
EMT	TAGLN	MSigDB Hallmark v2024.Hs	True	False	True	False	True	True	True	https://www.gsea-msigdb.org/gsea/msigdb/human/collections.jsp#H
EMT	TFPI2	MSigDB Hallmark v2024.Hs	True	False	True	False	True	True	True	https://www.gsea-msigdb.org/gsea/msigdb/human/collections.jsp#H
EMT	TGFB1	MSigDB Hallmark v2024.Hs	True	False	True	False	True	True	True	https://www.gsea-msigdb.org/gsea/msigdb/human/collections.jsp#H
EMT	TGFBI	MSigDB Hallmark v2024.Hs	True	False	True	False	True	True	True	https://www.gsea-msigdb.org/gsea/msigdb/human/collections.jsp#H
EMT	TGFBR3	MSigDB Hallmark v2024.Hs	True	False	True	False	True	True	True	https://www.gsea-msigdb.org/gsea/msigdb/human/collections.jsp#H
EMT	TGM2	MSigDB Hallmark v2024.Hs	True	False	True	False	True	True	True	https://www.gsea-msigdb.org/gsea/msigdb/human/collections.jsp#H
EMT	THBS1	MSigDB Hallmark v2024.Hs	True	False	True	True	False	True	True	https://www.gsea-msigdb.org/gsea/msigdb/human/collections.jsp#H
EMT	THBS2	MSigDB Hallmark v2024.Hs	True	False	True	False	True	True	True	https://www.gsea-msigdb.org/gsea/msigdb/human/collections.jsp#H
EMT	THY1	MSigDB Hallmark v2024.Hs	True	False	True	False	True	True	True	https://www.gsea-msigdb.org/gsea/msigdb/human/collections.jsp#H
EMT	TIMP1	MSigDB Hallmark v2024.Hs	True	False	True	False	True	True	True	https://www.gsea-msigdb.org/gsea/msigdb/human/collections.jsp#H
EMT	TIMP3	MSigDB Hallmark v2024.Hs	True	False	True	False	True	True	True	https://www.gsea-msigdb.org/gsea/msigdb/human/collections.jsp#H
EMT	TNC	MSigDB Hallmark v2024.Hs	True	False	True	False	True	True	True	https://www.gsea-msigdb.org/gsea/msigdb/human/collections.jsp#H
EMT	TNFAIP3	MSigDB Hallmark v2024.Hs	True	False	True	True	False	True	True	https://www.gsea-msigdb.org/gsea/msigdb/human/collections.jsp#H
EMT	TNFRSF11B	MSigDB Hallmark v2024.Hs	True	False	True	False	True	True	True	https://www.gsea-msigdb.org/gsea/msigdb/human/collections.jsp#H
EMT	TNFRSF12A	MSigDB Hallmark v2024.Hs	True	False	True	False	True	True	True	https://www.gsea-msigdb.org/gsea/msigdb/human/collections.jsp#H
EMT	TPM1	MSigDB Hallmark v2024.Hs	True	False	True	False	True	True	True	https://www.gsea-msigdb.org/gsea/msigdb/human/collections.jsp#H
EMT	TPM2	MSigDB Hallmark v2024.Hs	True	False	True	False	True	True	True	https://www.gsea-msigdb.org/gsea/msigdb/human/collections.jsp#H
EMT	TPM4	MSigDB Hallmark v2024.Hs	True	False	True	False	True	True	True	https://www.gsea-msigdb.org/gsea/msigdb/human/collections.jsp#H
EMT	VCAM1	MSigDB Hallmark v2024.Hs	True	False	True	False	True	True	True	https://www.gsea-msigdb.org/gsea/msigdb/human/collections.jsp#H
EMT	VCAN	MSigDB Hallmark v2024.Hs	True	False	True	False	True	True	True	https://www.gsea-msigdb.org/gsea/msigdb/human/collections.jsp#H
EMT	VEGFA	MSigDB Hallmark v2024.Hs	True	False	True	True	False	True	True	https://www.gsea-msigdb.org/gsea/msigdb/human/collections.jsp#H
EMT	VEGFC	MSigDB Hallmark v2024.Hs	True	False	True	False	True	True	True	https://www.gsea-msigdb.org/gsea/msigdb/human/collections.jsp#H
EMT	VIM	MSigDB Hallmark v2024.Hs	True	False	True	False	True	True	True	https://www.gsea-msigdb.org/gsea/msigdb/human/collections.jsp#H
EMT	WIPF1	MSigDB Hallmark v2024.Hs	True	False	True	False	True	True	True	https://www.gsea-msigdb.org/gsea/msigdb/human/collections.jsp#H
EMT	WNT5A	MSigDB Hallmark v2024.Hs	True	False	True	False	True	True	True	https://www.gsea-msigdb.org/gsea/msigdb/human/collections.jsp#H
Hypoxia	ACKR3	MSigDB Hallmark v2024.Hs	True	False	True	False	True	True	True	https://www.gsea-msigdb.org/gsea/msigdb/human/collections.jsp#H
Hypoxia	ADM	MSigDB Hallmark v2024.Hs	True	False	True	False	True	True	True	https://www.gsea-msigdb.org/gsea/msigdb/human/collections.jsp#H
Hypoxia	ADORA2B	MSigDB Hallmark v2024.Hs	True	False	True	False	True	True	True	https://www.gsea-msigdb.org/gsea/msigdb/human/collections.jsp#H
Hypoxia	AK4	MSigDB Hallmark v2024.Hs	True	False	True	False	True	True	True	https://www.gsea-msigdb.org/gsea/msigdb/human/collections.jsp#H
Hypoxia	AKAP12	MSigDB Hallmark v2024.Hs	True	False	True	False	True	True	True	https://www.gsea-msigdb.org/gsea/msigdb/human/collections.jsp#H
Hypoxia	ALDOA	MSigDB Hallmark v2024.Hs	True	False	True	False	True	True	True	https://www.gsea-msigdb.org/gsea/msigdb/human/collections.jsp#H
Hypoxia	ALDOB	MSigDB Hallmark v2024.Hs	True	False	True	False	True	True	True	https://www.gsea-msigdb.org/gsea/msigdb/human/collections.jsp#H
Hypoxia	ALDOC	MSigDB Hallmark v2024.Hs	True	False	True	False	True	True	True	https://www.gsea-msigdb.org/gsea/msigdb/human/collections.jsp#H
Hypoxia	AMPD3	MSigDB Hallmark v2024.Hs	True	False	True	False	True	True	True	https://www.gsea-msigdb.org/gsea/msigdb/human/collections.jsp#H
Hypoxia	ANGPTL4	MSigDB Hallmark v2024.Hs	True	False	True	False	True	True	True	https://www.gsea-msigdb.org/gsea/msigdb/human/collections.jsp#H
Hypoxia	ANKZF1	MSigDB Hallmark v2024.Hs	True	False	True	False	True	True	True	https://www.gsea-msigdb.org/gsea/msigdb/human/collections.jsp#H
Hypoxia	ANXA2	MSigDB Hallmark v2024.Hs	True	False	True	False	True	True	True	https://www.gsea-msigdb.org/gsea/msigdb/human/collections.jsp#H
Hypoxia	ATF3	MSigDB Hallmark v2024.Hs	True	False	True	True	False	True	True	https://www.gsea-msigdb.org/gsea/msigdb/human/collections.jsp#H
Hypoxia	ATP7A	MSigDB Hallmark v2024.Hs	True	False	True	False	True	True	True	https://www.gsea-msigdb.org/gsea/msigdb/human/collections.jsp#H
Hypoxia	B3GALT6	MSigDB Hallmark v2024.Hs	True	False	True	False	True	True	True	https://www.gsea-msigdb.org/gsea/msigdb/human/collections.jsp#H
Hypoxia	B4GALNT2	MSigDB Hallmark v2024.Hs	True	False	True	False	True	True	True	https://www.gsea-msigdb.org/gsea/msigdb/human/collections.jsp#H
Hypoxia	BCAN	MSigDB Hallmark v2024.Hs	True	False	True	False	True	True	True	https://www.gsea-msigdb.org/gsea/msigdb/human/collections.jsp#H
Hypoxia	BCL2	MSigDB Hallmark v2024.Hs	True	False	True	False	True	True	True	https://www.gsea-msigdb.org/gsea/msigdb/human/collections.jsp#H
Hypoxia	BGN	MSigDB Hallmark v2024.Hs	True	False	True	False	True	True	True	https://www.gsea-msigdb.org/gsea/msigdb/human/collections.jsp#H
Hypoxia	BHLHE40	MSigDB Hallmark v2024.Hs	True	False	True	False	True	True	True	https://www.gsea-msigdb.org/gsea/msigdb/human/collections.jsp#H
Hypoxia	BNIP3L	MSigDB Hallmark v2024.Hs	True	False	True	False	True	True	True	https://www.gsea-msigdb.org/gsea/msigdb/human/collections.jsp#H
Hypoxia	BRS3	MSigDB Hallmark v2024.Hs	True	False	True	False	True	False	True	https://www.gsea-msigdb.org/gsea/msigdb/human/collections.jsp#H
Hypoxia	BTG1	MSigDB Hallmark v2024.Hs	True	False	True	False	True	True	True	https://www.gsea-msigdb.org/gsea/msigdb/human/collections.jsp#H
Hypoxia	CA12	MSigDB Hallmark v2024.Hs	True	False	True	False	True	True	True	https://www.gsea-msigdb.org/gsea/msigdb/human/collections.jsp#H
Hypoxia	CASP6	MSigDB Hallmark v2024.Hs	True	False	True	False	True	True	True	https://www.gsea-msigdb.org/gsea/msigdb/human/collections.jsp#H
Hypoxia	CAV1	MSigDB Hallmark v2024.Hs	True	False	True	False	True	True	True	https://www.gsea-msigdb.org/gsea/msigdb/human/collections.jsp#H
Hypoxia	CAVIN1	MSigDB Hallmark v2024.Hs	True	False	True	False	True	False	True	https://www.gsea-msigdb.org/gsea/msigdb/human/collections.jsp#H
Hypoxia	CAVIN3	MSigDB Hallmark v2024.Hs	True	False	True	False	True	False	True	https://www.gsea-msigdb.org/gsea/msigdb/human/collections.jsp#H
Hypoxia	CCN1	MSigDB Hallmark v2024.Hs	True	False	True	False	True	False	False	https://www.gsea-msigdb.org/gsea/msigdb/human/collections.jsp#H
Hypoxia	CCN2	MSigDB Hallmark v2024.Hs	True	False	True	False	True	False	False	https://www.gsea-msigdb.org/gsea/msigdb/human/collections.jsp#H
Hypoxia	CCN5	MSigDB Hallmark v2024.Hs	True	False	True	False	True	False	False	https://www.gsea-msigdb.org/gsea/msigdb/human/collections.jsp#H
Hypoxia	CCNG2	MSigDB Hallmark v2024.Hs	True	False	True	False	True	True	True	https://www.gsea-msigdb.org/gsea/msigdb/human/collections.jsp#H
Hypoxia	CDKN1A	MSigDB Hallmark v2024.Hs	True	False	True	False	True	True	True	https://www.gsea-msigdb.org/gsea/msigdb/human/collections.jsp#H
Hypoxia	CDKN1B	MSigDB Hallmark v2024.Hs	True	False	True	False	True	True	True	https://www.gsea-msigdb.org/gsea/msigdb/human/collections.jsp#H
Hypoxia	CDKN1C	MSigDB Hallmark v2024.Hs	True	False	True	False	True	True	True	https://www.gsea-msigdb.org/gsea/msigdb/human/collections.jsp#H
Hypoxia	CHST2	MSigDB Hallmark v2024.Hs	True	False	True	False	True	True	True	https://www.gsea-msigdb.org/gsea/msigdb/human/collections.jsp#H
Hypoxia	CHST3	MSigDB Hallmark v2024.Hs	True	False	True	False	True	True	True	https://www.gsea-msigdb.org/gsea/msigdb/human/collections.jsp#H
Hypoxia	CITED2	MSigDB Hallmark v2024.Hs	True	False	True	False	True	True	True	https://www.gsea-msigdb.org/gsea/msigdb/human/collections.jsp#H
Hypoxia	COL5A1	MSigDB Hallmark v2024.Hs	True	False	True	False	True	True	True	https://www.gsea-msigdb.org/gsea/msigdb/human/collections.jsp#H
Hypoxia	CP	MSigDB Hallmark v2024.Hs	True	False	True	True	False	True	True	https://www.gsea-msigdb.org/gsea/msigdb/human/collections.jsp#H
Hypoxia	CSRP2	MSigDB Hallmark v2024.Hs	True	False	True	False	True	True	True	https://www.gsea-msigdb.org/gsea/msigdb/human/collections.jsp#H
Hypoxia	CXCR4	MSigDB Hallmark v2024.Hs	True	True	False	False	False	False	False	https://www.gsea-msigdb.org/gsea/msigdb/human/collections.jsp#H
Hypoxia	DCN	MSigDB Hallmark v2024.Hs	True	False	True	False	True	True	True	https://www.gsea-msigdb.org/gsea/msigdb/human/collections.jsp#H
Hypoxia	DDIT3	MSigDB Hallmark v2024.Hs	True	False	True	False	True	True	True	https://www.gsea-msigdb.org/gsea/msigdb/human/collections.jsp#H
Hypoxia	DDIT4	MSigDB Hallmark v2024.Hs	True	False	True	False	True	True	True	https://www.gsea-msigdb.org/gsea/msigdb/human/collections.jsp#H
Hypoxia	DPYSL4	MSigDB Hallmark v2024.Hs	True	False	True	False	True	True	True	https://www.gsea-msigdb.org/gsea/msigdb/human/collections.jsp#H
Hypoxia	DTNA	MSigDB Hallmark v2024.Hs	True	False	True	False	True	True	True	https://www.gsea-msigdb.org/gsea/msigdb/human/collections.jsp#H
Hypoxia	DUSP1	MSigDB Hallmark v2024.Hs	True	False	True	True	False	True	True	https://www.gsea-msigdb.org/gsea/msigdb/human/collections.jsp#H
Hypoxia	EDN2	MSigDB Hallmark v2024.Hs	True	False	True	False	True	True	True	https://www.gsea-msigdb.org/gsea/msigdb/human/collections.jsp#H
Hypoxia	EFNA1	MSigDB Hallmark v2024.Hs	True	False	True	False	True	True	True	https://www.gsea-msigdb.org/gsea/msigdb/human/collections.jsp#H
Hypoxia	EFNA3	MSigDB Hallmark v2024.Hs	True	False	True	False	True	True	True	https://www.gsea-msigdb.org/gsea/msigdb/human/collections.jsp#H
Hypoxia	EGFR	MSigDB Hallmark v2024.Hs	True	False	True	False	True	True	True	https://www.gsea-msigdb.org/gsea/msigdb/human/collections.jsp#H
Hypoxia	ENO1	MSigDB Hallmark v2024.Hs	True	False	True	False	True	True	True	https://www.gsea-msigdb.org/gsea/msigdb/human/collections.jsp#H
Hypoxia	ENO2	MSigDB Hallmark v2024.Hs	True	False	True	False	True	True	True	https://www.gsea-msigdb.org/gsea/msigdb/human/collections.jsp#H
Hypoxia	ENO3	MSigDB Hallmark v2024.Hs	True	False	True	False	True	True	True	https://www.gsea-msigdb.org/gsea/msigdb/human/collections.jsp#H
Hypoxia	ERO1A	MSigDB Hallmark v2024.Hs	True	False	True	False	True	True	True	https://www.gsea-msigdb.org/gsea/msigdb/human/collections.jsp#H
Hypoxia	ERRFI1	MSigDB Hallmark v2024.Hs	True	False	True	True	False	True	True	https://www.gsea-msigdb.org/gsea/msigdb/human/collections.jsp#H
Hypoxia	ETS1	MSigDB Hallmark v2024.Hs	True	False	True	False	True	True	True	https://www.gsea-msigdb.org/gsea/msigdb/human/collections.jsp#H
Hypoxia	EXT1	MSigDB Hallmark v2024.Hs	True	False	True	False	True	True	True	https://www.gsea-msigdb.org/gsea/msigdb/human/collections.jsp#H
Hypoxia	F3	MSigDB Hallmark v2024.Hs	True	True	False	False	False	False	False	https://www.gsea-msigdb.org/gsea/msigdb/human/collections.jsp#H
Hypoxia	FAM162A	MSigDB Hallmark v2024.Hs	True	False	True	False	True	True	True	https://www.gsea-msigdb.org/gsea/msigdb/human/collections.jsp#H
Hypoxia	FBP1	MSigDB Hallmark v2024.Hs	True	False	True	False	True	True	True	https://www.gsea-msigdb.org/gsea/msigdb/human/collections.jsp#H
Hypoxia	FOS	MSigDB Hallmark v2024.Hs	True	False	True	True	False	True	True	https://www.gsea-msigdb.org/gsea/msigdb/human/collections.jsp#H
Hypoxia	FOSL2	MSigDB Hallmark v2024.Hs	True	False	True	False	True	True	True	https://www.gsea-msigdb.org/gsea/msigdb/human/collections.jsp#H
Hypoxia	FOXO3	MSigDB Hallmark v2024.Hs	True	False	True	False	True	True	True	https://www.gsea-msigdb.org/gsea/msigdb/human/collections.jsp#H
Hypoxia	GAA	MSigDB Hallmark v2024.Hs	True	False	True	False	True	True	True	https://www.gsea-msigdb.org/gsea/msigdb/human/collections.jsp#H
Hypoxia	GALK1	MSigDB Hallmark v2024.Hs	True	False	True	False	True	True	True	https://www.gsea-msigdb.org/gsea/msigdb/human/collections.jsp#H
Hypoxia	GAPDH	MSigDB Hallmark v2024.Hs	True	False	True	False	True	True	True	https://www.gsea-msigdb.org/gsea/msigdb/human/collections.jsp#H
Hypoxia	GAPDHS	MSigDB Hallmark v2024.Hs	True	False	True	False	True	True	True	https://www.gsea-msigdb.org/gsea/msigdb/human/collections.jsp#H
Hypoxia	GBE1	MSigDB Hallmark v2024.Hs	True	False	True	False	True	True	True	https://www.gsea-msigdb.org/gsea/msigdb/human/collections.jsp#H
Hypoxia	GCK	MSigDB Hallmark v2024.Hs	True	False	True	False	True	True	True	https://www.gsea-msigdb.org/gsea/msigdb/human/collections.jsp#H
Hypoxia	GCNT2	MSigDB Hallmark v2024.Hs	True	False	True	False	True	True	True	https://www.gsea-msigdb.org/gsea/msigdb/human/collections.jsp#H
Hypoxia	GLRX	MSigDB Hallmark v2024.Hs	True	False	True	False	True	True	True	https://www.gsea-msigdb.org/gsea/msigdb/human/collections.jsp#H
Hypoxia	GPC1	MSigDB Hallmark v2024.Hs	True	False	True	False	True	True	True	https://www.gsea-msigdb.org/gsea/msigdb/human/collections.jsp#H
Hypoxia	GPC3	MSigDB Hallmark v2024.Hs	True	False	True	False	True	True	True	https://www.gsea-msigdb.org/gsea/msigdb/human/collections.jsp#H
Hypoxia	GPC4	MSigDB Hallmark v2024.Hs	True	False	True	False	True	True	True	https://www.gsea-msigdb.org/gsea/msigdb/human/collections.jsp#H
Hypoxia	GPI	MSigDB Hallmark v2024.Hs	True	False	True	False	True	True	True	https://www.gsea-msigdb.org/gsea/msigdb/human/collections.jsp#H
Hypoxia	GRHPR	MSigDB Hallmark v2024.Hs	True	False	True	False	True	True	True	https://www.gsea-msigdb.org/gsea/msigdb/human/collections.jsp#H
Hypoxia	GYS1	MSigDB Hallmark v2024.Hs	True	False	True	False	True	True	True	https://www.gsea-msigdb.org/gsea/msigdb/human/collections.jsp#H
Hypoxia	HAS1	MSigDB Hallmark v2024.Hs	True	False	True	False	True	True	True	https://www.gsea-msigdb.org/gsea/msigdb/human/collections.jsp#H
Hypoxia	HDLBP	MSigDB Hallmark v2024.Hs	True	False	True	False	True	True	True	https://www.gsea-msigdb.org/gsea/msigdb/human/collections.jsp#H
Hypoxia	HEXA	MSigDB Hallmark v2024.Hs	True	False	True	False	True	True	True	https://www.gsea-msigdb.org/gsea/msigdb/human/collections.jsp#H
Hypoxia	HK1	MSigDB Hallmark v2024.Hs	True	False	True	False	True	True	True	https://www.gsea-msigdb.org/gsea/msigdb/human/collections.jsp#H
Hypoxia	HK2	MSigDB Hallmark v2024.Hs	True	False	True	False	True	True	True	https://www.gsea-msigdb.org/gsea/msigdb/human/collections.jsp#H
Hypoxia	HMOX1	MSigDB Hallmark v2024.Hs	True	False	True	False	True	True	True	https://www.gsea-msigdb.org/gsea/msigdb/human/collections.jsp#H
Hypoxia	HOXB9	MSigDB Hallmark v2024.Hs	True	False	True	False	True	True	True	https://www.gsea-msigdb.org/gsea/msigdb/human/collections.jsp#H
Hypoxia	HS3ST1	MSigDB Hallmark v2024.Hs	True	False	True	False	True	True	True	https://www.gsea-msigdb.org/gsea/msigdb/human/collections.jsp#H
Hypoxia	HSPA5	MSigDB Hallmark v2024.Hs	True	False	True	False	True	True	True	https://www.gsea-msigdb.org/gsea/msigdb/human/collections.jsp#H
Hypoxia	IDS	MSigDB Hallmark v2024.Hs	True	False	True	False	True	True	True	https://www.gsea-msigdb.org/gsea/msigdb/human/collections.jsp#H
Hypoxia	IER3	MSigDB Hallmark v2024.Hs	True	False	True	False	True	True	True	https://www.gsea-msigdb.org/gsea/msigdb/human/collections.jsp#H
Hypoxia	IGFBP1	MSigDB Hallmark v2024.Hs	True	False	True	False	True	True	True	https://www.gsea-msigdb.org/gsea/msigdb/human/collections.jsp#H
Hypoxia	IGFBP3	MSigDB Hallmark v2024.Hs	True	True	False	False	False	False	False	https://www.gsea-msigdb.org/gsea/msigdb/human/collections.jsp#H
Hypoxia	IL6	MSigDB Hallmark v2024.Hs	True	False	True	True	False	True	True	https://www.gsea-msigdb.org/gsea/msigdb/human/collections.jsp#H
Hypoxia	ILVBL	MSigDB Hallmark v2024.Hs	True	False	True	False	True	True	True	https://www.gsea-msigdb.org/gsea/msigdb/human/collections.jsp#H
Hypoxia	INHA	MSigDB Hallmark v2024.Hs	True	False	True	False	True	True	True	https://www.gsea-msigdb.org/gsea/msigdb/human/collections.jsp#H
Hypoxia	IRS2	MSigDB Hallmark v2024.Hs	True	False	True	False	True	True	True	https://www.gsea-msigdb.org/gsea/msigdb/human/collections.jsp#H
Hypoxia	ISG20	MSigDB Hallmark v2024.Hs	True	False	True	False	True	True	True	https://www.gsea-msigdb.org/gsea/msigdb/human/collections.jsp#H
Hypoxia	JMJD6	MSigDB Hallmark v2024.Hs	True	False	True	False	True	True	True	https://www.gsea-msigdb.org/gsea/msigdb/human/collections.jsp#H
Hypoxia	JUN	MSigDB Hallmark v2024.Hs	True	False	True	True	False	True	True	https://www.gsea-msigdb.org/gsea/msigdb/human/collections.jsp#H
Hypoxia	KDELR3	MSigDB Hallmark v2024.Hs	True	False	True	False	True	True	True	https://www.gsea-msigdb.org/gsea/msigdb/human/collections.jsp#H
Hypoxia	KDM3A	MSigDB Hallmark v2024.Hs	True	False	True	False	True	True	True	https://www.gsea-msigdb.org/gsea/msigdb/human/collections.jsp#H
Hypoxia	KIF5A	MSigDB Hallmark v2024.Hs	True	False	True	False	True	True	True	https://www.gsea-msigdb.org/gsea/msigdb/human/collections.jsp#H
Hypoxia	KLF6	MSigDB Hallmark v2024.Hs	True	False	True	True	False	True	True	https://www.gsea-msigdb.org/gsea/msigdb/human/collections.jsp#H
Hypoxia	KLF7	MSigDB Hallmark v2024.Hs	True	False	True	False	True	True	True	https://www.gsea-msigdb.org/gsea/msigdb/human/collections.jsp#H
Hypoxia	KLHL24	MSigDB Hallmark v2024.Hs	True	False	True	False	True	True	True	https://www.gsea-msigdb.org/gsea/msigdb/human/collections.jsp#H
Hypoxia	LALBA	MSigDB Hallmark v2024.Hs	True	False	True	False	True	True	True	https://www.gsea-msigdb.org/gsea/msigdb/human/collections.jsp#H
Hypoxia	LARGE1	MSigDB Hallmark v2024.Hs	True	False	True	False	True	False	True	https://www.gsea-msigdb.org/gsea/msigdb/human/collections.jsp#H
Hypoxia	LDHA	MSigDB Hallmark v2024.Hs	True	False	True	False	True	True	True	https://www.gsea-msigdb.org/gsea/msigdb/human/collections.jsp#H
Hypoxia	LDHC	MSigDB Hallmark v2024.Hs	True	False	True	False	True	True	True	https://www.gsea-msigdb.org/gsea/msigdb/human/collections.jsp#H
Hypoxia	LOX	MSigDB Hallmark v2024.Hs	True	False	True	False	True	True	True	https://www.gsea-msigdb.org/gsea/msigdb/human/collections.jsp#H
Hypoxia	LXN	MSigDB Hallmark v2024.Hs	True	False	True	False	True	True	True	https://www.gsea-msigdb.org/gsea/msigdb/human/collections.jsp#H
Hypoxia	MAFF	MSigDB Hallmark v2024.Hs	True	False	True	True	False	True	True	https://www.gsea-msigdb.org/gsea/msigdb/human/collections.jsp#H
Hypoxia	MAP3K1	MSigDB Hallmark v2024.Hs	True	False	True	False	True	True	True	https://www.gsea-msigdb.org/gsea/msigdb/human/collections.jsp#H
Hypoxia	MIF	MSigDB Hallmark v2024.Hs	True	False	True	False	True	True	True	https://www.gsea-msigdb.org/gsea/msigdb/human/collections.jsp#H
Hypoxia	MT1E	MSigDB Hallmark v2024.Hs	True	False	True	False	True	True	True	https://www.gsea-msigdb.org/gsea/msigdb/human/collections.jsp#H
Hypoxia	MT2A	MSigDB Hallmark v2024.Hs	True	False	True	False	True	True	True	https://www.gsea-msigdb.org/gsea/msigdb/human/collections.jsp#H
Hypoxia	MXI1	MSigDB Hallmark v2024.Hs	True	False	True	False	True	True	True	https://www.gsea-msigdb.org/gsea/msigdb/human/collections.jsp#H
Hypoxia	MYH9	MSigDB Hallmark v2024.Hs	True	False	True	False	True	True	True	https://www.gsea-msigdb.org/gsea/msigdb/human/collections.jsp#H
Hypoxia	NAGK	MSigDB Hallmark v2024.Hs	True	False	True	False	True	True	True	https://www.gsea-msigdb.org/gsea/msigdb/human/collections.jsp#H
Hypoxia	NCAN	MSigDB Hallmark v2024.Hs	True	False	True	False	True	True	True	https://www.gsea-msigdb.org/gsea/msigdb/human/collections.jsp#H
Hypoxia	NDRG1	MSigDB Hallmark v2024.Hs	True	False	True	False	True	True	True	https://www.gsea-msigdb.org/gsea/msigdb/human/collections.jsp#H
Hypoxia	NDST1	MSigDB Hallmark v2024.Hs	True	False	True	False	True	True	True	https://www.gsea-msigdb.org/gsea/msigdb/human/collections.jsp#H
Hypoxia	NDST2	MSigDB Hallmark v2024.Hs	True	False	True	False	True	True	True	https://www.gsea-msigdb.org/gsea/msigdb/human/collections.jsp#H
Hypoxia	NEDD4L	MSigDB Hallmark v2024.Hs	True	False	True	False	True	True	True	https://www.gsea-msigdb.org/gsea/msigdb/human/collections.jsp#H
Hypoxia	NFIL3	MSigDB Hallmark v2024.Hs	True	False	True	False	True	True	True	https://www.gsea-msigdb.org/gsea/msigdb/human/collections.jsp#H
Hypoxia	NOCT	MSigDB Hallmark v2024.Hs	True	False	True	False	True	True	True	https://www.gsea-msigdb.org/gsea/msigdb/human/collections.jsp#H
Hypoxia	NR3C1	MSigDB Hallmark v2024.Hs	True	False	True	False	True	True	True	https://www.gsea-msigdb.org/gsea/msigdb/human/collections.jsp#H
Hypoxia	P4HA1	MSigDB Hallmark v2024.Hs	True	False	True	False	True	True	True	https://www.gsea-msigdb.org/gsea/msigdb/human/collections.jsp#H
Hypoxia	P4HA2	MSigDB Hallmark v2024.Hs	True	False	True	False	True	True	True	https://www.gsea-msigdb.org/gsea/msigdb/human/collections.jsp#H
Hypoxia	PAM	MSigDB Hallmark v2024.Hs	True	False	True	False	True	True	True	https://www.gsea-msigdb.org/gsea/msigdb/human/collections.jsp#H
Hypoxia	PCK1	MSigDB Hallmark v2024.Hs	True	False	True	False	True	True	True	https://www.gsea-msigdb.org/gsea/msigdb/human/collections.jsp#H
Hypoxia	PDGFB	MSigDB Hallmark v2024.Hs	True	False	True	False	True	True	True	https://www.gsea-msigdb.org/gsea/msigdb/human/collections.jsp#H
Hypoxia	PDK1	MSigDB Hallmark v2024.Hs	True	False	True	False	True	True	True	https://www.gsea-msigdb.org/gsea/msigdb/human/collections.jsp#H
Hypoxia	PDK3	MSigDB Hallmark v2024.Hs	True	False	True	False	True	True	True	https://www.gsea-msigdb.org/gsea/msigdb/human/collections.jsp#H
Hypoxia	PFKFB3	MSigDB Hallmark v2024.Hs	True	False	True	False	True	True	True	https://www.gsea-msigdb.org/gsea/msigdb/human/collections.jsp#H
Hypoxia	PFKL	MSigDB Hallmark v2024.Hs	True	False	True	False	True	True	True	https://www.gsea-msigdb.org/gsea/msigdb/human/collections.jsp#H
Hypoxia	PFKP	MSigDB Hallmark v2024.Hs	True	False	True	False	True	True	True	https://www.gsea-msigdb.org/gsea/msigdb/human/collections.jsp#H
Hypoxia	PGAM2	MSigDB Hallmark v2024.Hs	True	False	True	False	True	True	True	https://www.gsea-msigdb.org/gsea/msigdb/human/collections.jsp#H
Hypoxia	PGF	MSigDB Hallmark v2024.Hs	True	False	True	False	True	True	True	https://www.gsea-msigdb.org/gsea/msigdb/human/collections.jsp#H
Hypoxia	PGK1	MSigDB Hallmark v2024.Hs	True	False	True	False	True	True	True	https://www.gsea-msigdb.org/gsea/msigdb/human/collections.jsp#H
Hypoxia	PGM1	MSigDB Hallmark v2024.Hs	True	False	True	False	True	True	True	https://www.gsea-msigdb.org/gsea/msigdb/human/collections.jsp#H
Hypoxia	PGM2	MSigDB Hallmark v2024.Hs	True	False	True	False	True	True	True	https://www.gsea-msigdb.org/gsea/msigdb/human/collections.jsp#H
Hypoxia	PHKG1	MSigDB Hallmark v2024.Hs	True	False	True	False	True	True	True	https://www.gsea-msigdb.org/gsea/msigdb/human/collections.jsp#H
Hypoxia	PIM1	MSigDB Hallmark v2024.Hs	True	False	True	False	True	True	True	https://www.gsea-msigdb.org/gsea/msigdb/human/collections.jsp#H
Hypoxia	PKLR	MSigDB Hallmark v2024.Hs	True	False	True	False	True	True	True	https://www.gsea-msigdb.org/gsea/msigdb/human/collections.jsp#H
Hypoxia	PKP1	MSigDB Hallmark v2024.Hs	True	False	True	False	True	True	True	https://www.gsea-msigdb.org/gsea/msigdb/human/collections.jsp#H
Hypoxia	PLAC8	MSigDB Hallmark v2024.Hs	True	False	True	False	True	True	True	https://www.gsea-msigdb.org/gsea/msigdb/human/collections.jsp#H
Hypoxia	PLAUR	MSigDB Hallmark v2024.Hs	True	False	True	True	False	True	True	https://www.gsea-msigdb.org/gsea/msigdb/human/collections.jsp#H
Hypoxia	PLIN2	MSigDB Hallmark v2024.Hs	True	False	True	False	True	True	True	https://www.gsea-msigdb.org/gsea/msigdb/human/collections.jsp#H
Hypoxia	PNRC1	MSigDB Hallmark v2024.Hs	True	False	True	False	True	True	True	https://www.gsea-msigdb.org/gsea/msigdb/human/collections.jsp#H
Hypoxia	PPARGC1A	MSigDB Hallmark v2024.Hs	True	False	True	False	True	True	True	https://www.gsea-msigdb.org/gsea/msigdb/human/collections.jsp#H
Hypoxia	PPFIA4	MSigDB Hallmark v2024.Hs	True	False	True	False	True	True	True	https://www.gsea-msigdb.org/gsea/msigdb/human/collections.jsp#H
Hypoxia	PPP1R15A	MSigDB Hallmark v2024.Hs	True	False	True	True	False	True	True	https://www.gsea-msigdb.org/gsea/msigdb/human/collections.jsp#H
Hypoxia	PPP1R3C	MSigDB Hallmark v2024.Hs	True	False	True	False	True	True	True	https://www.gsea-msigdb.org/gsea/msigdb/human/collections.jsp#H
Hypoxia	PRDX5	MSigDB Hallmark v2024.Hs	True	False	True	False	True	True	True	https://www.gsea-msigdb.org/gsea/msigdb/human/collections.jsp#H
Hypoxia	PRKCA	MSigDB Hallmark v2024.Hs	True	False	True	False	True	True	True	https://www.gsea-msigdb.org/gsea/msigdb/human/collections.jsp#H
Hypoxia	PYGM	MSigDB Hallmark v2024.Hs	True	False	True	False	True	True	True	https://www.gsea-msigdb.org/gsea/msigdb/human/collections.jsp#H
Hypoxia	RBPJ	MSigDB Hallmark v2024.Hs	True	False	True	False	True	True	True	https://www.gsea-msigdb.org/gsea/msigdb/human/collections.jsp#H
Hypoxia	RORA	MSigDB Hallmark v2024.Hs	True	False	True	False	True	True	True	https://www.gsea-msigdb.org/gsea/msigdb/human/collections.jsp#H
Hypoxia	RRAGD	MSigDB Hallmark v2024.Hs	True	False	True	False	True	True	True	https://www.gsea-msigdb.org/gsea/msigdb/human/collections.jsp#H
Hypoxia	S100A4	MSigDB Hallmark v2024.Hs	True	False	True	False	True	True	True	https://www.gsea-msigdb.org/gsea/msigdb/human/collections.jsp#H
Hypoxia	SAP30	MSigDB Hallmark v2024.Hs	True	False	True	False	True	True	True	https://www.gsea-msigdb.org/gsea/msigdb/human/collections.jsp#H
Hypoxia	SCARB1	MSigDB Hallmark v2024.Hs	True	False	True	False	True	True	True	https://www.gsea-msigdb.org/gsea/msigdb/human/collections.jsp#H
Hypoxia	SDC2	MSigDB Hallmark v2024.Hs	True	False	True	False	True	True	True	https://www.gsea-msigdb.org/gsea/msigdb/human/collections.jsp#H
Hypoxia	SDC3	MSigDB Hallmark v2024.Hs	True	False	True	False	True	True	True	https://www.gsea-msigdb.org/gsea/msigdb/human/collections.jsp#H
Hypoxia	SDC4	MSigDB Hallmark v2024.Hs	True	False	True	False	True	True	True	https://www.gsea-msigdb.org/gsea/msigdb/human/collections.jsp#H
Hypoxia	SELENBP1	MSigDB Hallmark v2024.Hs	True	False	True	False	True	True	True	https://www.gsea-msigdb.org/gsea/msigdb/human/collections.jsp#H
Hypoxia	SERPINE1	MSigDB Hallmark v2024.Hs	True	False	True	False	True	True	True	https://www.gsea-msigdb.org/gsea/msigdb/human/collections.jsp#H
Hypoxia	SIAH2	MSigDB Hallmark v2024.Hs	True	False	True	False	True	True	True	https://www.gsea-msigdb.org/gsea/msigdb/human/collections.jsp#H
Hypoxia	SLC25A1	MSigDB Hallmark v2024.Hs	True	False	True	False	True	True	True	https://www.gsea-msigdb.org/gsea/msigdb/human/collections.jsp#H
Hypoxia	SLC2A1	MSigDB Hallmark v2024.Hs	True	False	True	False	True	True	True	https://www.gsea-msigdb.org/gsea/msigdb/human/collections.jsp#H
Hypoxia	SLC2A3	MSigDB Hallmark v2024.Hs	True	False	True	False	True	True	True	https://www.gsea-msigdb.org/gsea/msigdb/human/collections.jsp#H
Hypoxia	SLC2A5	MSigDB Hallmark v2024.Hs	True	False	True	False	True	True	True	https://www.gsea-msigdb.org/gsea/msigdb/human/collections.jsp#H
Hypoxia	SLC37A4	MSigDB Hallmark v2024.Hs	True	False	True	False	True	True	True	https://www.gsea-msigdb.org/gsea/msigdb/human/collections.jsp#H
Hypoxia	SLC6A6	MSigDB Hallmark v2024.Hs	True	False	True	False	True	True	True	https://www.gsea-msigdb.org/gsea/msigdb/human/collections.jsp#H
Hypoxia	SRPX	MSigDB Hallmark v2024.Hs	True	False	True	False	True	True	True	https://www.gsea-msigdb.org/gsea/msigdb/human/collections.jsp#H
Hypoxia	STBD1	MSigDB Hallmark v2024.Hs	True	False	True	False	True	True	True	https://www.gsea-msigdb.org/gsea/msigdb/human/collections.jsp#H
Hypoxia	STC1	MSigDB Hallmark v2024.Hs	True	False	True	False	True	True	True	https://www.gsea-msigdb.org/gsea/msigdb/human/collections.jsp#H
Hypoxia	STC2	MSigDB Hallmark v2024.Hs	True	False	True	False	True	True	True	https://www.gsea-msigdb.org/gsea/msigdb/human/collections.jsp#H
Hypoxia	SULT2B1	MSigDB Hallmark v2024.Hs	True	False	True	False	True	True	True	https://www.gsea-msigdb.org/gsea/msigdb/human/collections.jsp#H
Hypoxia	TES	MSigDB Hallmark v2024.Hs	True	False	True	False	True	True	True	https://www.gsea-msigdb.org/gsea/msigdb/human/collections.jsp#H
Hypoxia	TGFB3	MSigDB Hallmark v2024.Hs	True	False	True	False	True	True	True	https://www.gsea-msigdb.org/gsea/msigdb/human/collections.jsp#H
Hypoxia	TGFBI	MSigDB Hallmark v2024.Hs	True	False	True	False	True	True	True	https://www.gsea-msigdb.org/gsea/msigdb/human/collections.jsp#H
Hypoxia	TGM2	MSigDB Hallmark v2024.Hs	True	False	True	False	True	True	True	https://www.gsea-msigdb.org/gsea/msigdb/human/collections.jsp#H
Hypoxia	TIPARP	MSigDB Hallmark v2024.Hs	True	False	True	True	False	True	True	https://www.gsea-msigdb.org/gsea/msigdb/human/collections.jsp#H
Hypoxia	TKTL1	MSigDB Hallmark v2024.Hs	True	False	True	False	True	True	True	https://www.gsea-msigdb.org/gsea/msigdb/human/collections.jsp#H
Hypoxia	TMEM45A	MSigDB Hallmark v2024.Hs	True	False	True	False	True	True	True	https://www.gsea-msigdb.org/gsea/msigdb/human/collections.jsp#H
Hypoxia	TNFAIP3	MSigDB Hallmark v2024.Hs	True	False	True	True	False	True	True	https://www.gsea-msigdb.org/gsea/msigdb/human/collections.jsp#H
Hypoxia	TPBG	MSigDB Hallmark v2024.Hs	True	False	True	False	True	True	True	https://www.gsea-msigdb.org/gsea/msigdb/human/collections.jsp#H
Hypoxia	TPD52	MSigDB Hallmark v2024.Hs	True	False	True	False	True	True	True	https://www.gsea-msigdb.org/gsea/msigdb/human/collections.jsp#H
Hypoxia	TPI1	MSigDB Hallmark v2024.Hs	True	False	True	False	True	True	True	https://www.gsea-msigdb.org/gsea/msigdb/human/collections.jsp#H
Hypoxia	TPST2	MSigDB Hallmark v2024.Hs	True	False	True	False	True	True	True	https://www.gsea-msigdb.org/gsea/msigdb/human/collections.jsp#H
Hypoxia	UGP2	MSigDB Hallmark v2024.Hs	True	False	True	False	True	True	True	https://www.gsea-msigdb.org/gsea/msigdb/human/collections.jsp#H
Hypoxia	VEGFA	MSigDB Hallmark v2024.Hs	True	False	True	True	False	True	True	https://www.gsea-msigdb.org/gsea/msigdb/human/collections.jsp#H
Hypoxia	VHL	MSigDB Hallmark v2024.Hs	True	False	True	False	True	True	True	https://www.gsea-msigdb.org/gsea/msigdb/human/collections.jsp#H
Hypoxia	VLDLR	MSigDB Hallmark v2024.Hs	True	False	True	False	True	True	True	https://www.gsea-msigdb.org/gsea/msigdb/human/collections.jsp#H
Hypoxia	WSB1	MSigDB Hallmark v2024.Hs	True	False	True	False	True	True	True	https://www.gsea-msigdb.org/gsea/msigdb/human/collections.jsp#H
Hypoxia	XPNPEP1	MSigDB Hallmark v2024.Hs	True	False	True	False	True	True	True	https://www.gsea-msigdb.org/gsea/msigdb/human/collections.jsp#H
Hypoxia	ZFP36	MSigDB Hallmark v2024.Hs	True	False	True	True	False	True	True	https://www.gsea-msigdb.org/gsea/msigdb/human/collections.jsp#H
Hypoxia	ZNF292	MSigDB Hallmark v2024.Hs	True	False	True	False	True	True	True	https://www.gsea-msigdb.org/gsea/msigdb/human/collections.jsp#H
Apoptosis	ADD1	MSigDB Hallmark v2024.Hs	True	False	True	False	True	True	True	https://www.gsea-msigdb.org/gsea/msigdb/human/collections.jsp#H
Apoptosis	AIFM3	MSigDB Hallmark v2024.Hs	True	False	True	False	True	True	True	https://www.gsea-msigdb.org/gsea/msigdb/human/collections.jsp#H
Apoptosis	ANKH	MSigDB Hallmark v2024.Hs	True	False	True	False	True	True	True	https://www.gsea-msigdb.org/gsea/msigdb/human/collections.jsp#H
Apoptosis	ANXA1	MSigDB Hallmark v2024.Hs	True	False	True	False	True	True	True	https://www.gsea-msigdb.org/gsea/msigdb/human/collections.jsp#H
Apoptosis	APP	MSigDB Hallmark v2024.Hs	True	False	True	False	True	True	True	https://www.gsea-msigdb.org/gsea/msigdb/human/collections.jsp#H
Apoptosis	ATF3	MSigDB Hallmark v2024.Hs	True	False	True	True	False	True	True	https://www.gsea-msigdb.org/gsea/msigdb/human/collections.jsp#H
Apoptosis	AVPR1A	MSigDB Hallmark v2024.Hs	True	False	True	False	True	True	True	https://www.gsea-msigdb.org/gsea/msigdb/human/collections.jsp#H
Apoptosis	BAX	MSigDB Hallmark v2024.Hs	True	False	True	False	True	True	True	https://www.gsea-msigdb.org/gsea/msigdb/human/collections.jsp#H
Apoptosis	BCAP31	MSigDB Hallmark v2024.Hs	True	False	True	False	True	True	True	https://www.gsea-msigdb.org/gsea/msigdb/human/collections.jsp#H
Apoptosis	BCL10	MSigDB Hallmark v2024.Hs	True	False	True	False	True	True	True	https://www.gsea-msigdb.org/gsea/msigdb/human/collections.jsp#H
Apoptosis	BCL2L1	MSigDB Hallmark v2024.Hs	True	False	True	False	True	True	True	https://www.gsea-msigdb.org/gsea/msigdb/human/collections.jsp#H
Apoptosis	BCL2L10	MSigDB Hallmark v2024.Hs	True	False	True	False	True	True	True	https://www.gsea-msigdb.org/gsea/msigdb/human/collections.jsp#H
Apoptosis	BCL2L11	MSigDB Hallmark v2024.Hs	True	False	True	False	True	True	True	https://www.gsea-msigdb.org/gsea/msigdb/human/collections.jsp#H
Apoptosis	BCL2L2	MSigDB Hallmark v2024.Hs	True	False	True	False	True	True	True	https://www.gsea-msigdb.org/gsea/msigdb/human/collections.jsp#H
Apoptosis	BGN	MSigDB Hallmark v2024.Hs	True	False	True	False	True	True	True	https://www.gsea-msigdb.org/gsea/msigdb/human/collections.jsp#H
Apoptosis	BID	MSigDB Hallmark v2024.Hs	True	False	True	False	True	True	True	https://www.gsea-msigdb.org/gsea/msigdb/human/collections.jsp#H
Apoptosis	BIK	MSigDB Hallmark v2024.Hs	True	False	True	False	True	True	True	https://www.gsea-msigdb.org/gsea/msigdb/human/collections.jsp#H
Apoptosis	BIRC3	MSigDB Hallmark v2024.Hs	True	False	True	True	False	True	True	https://www.gsea-msigdb.org/gsea/msigdb/human/collections.jsp#H
Apoptosis	BMF	MSigDB Hallmark v2024.Hs	True	False	True	False	True	True	True	https://www.gsea-msigdb.org/gsea/msigdb/human/collections.jsp#H
Apoptosis	BMP2	MSigDB Hallmark v2024.Hs	True	False	True	False	True	True	True	https://www.gsea-msigdb.org/gsea/msigdb/human/collections.jsp#H
Apoptosis	BNIP3L	MSigDB Hallmark v2024.Hs	True	False	True	False	True	True	True	https://www.gsea-msigdb.org/gsea/msigdb/human/collections.jsp#H
Apoptosis	BRCA1	MSigDB Hallmark v2024.Hs	True	False	True	False	True	True	True	https://www.gsea-msigdb.org/gsea/msigdb/human/collections.jsp#H
Apoptosis	BTG2	MSigDB Hallmark v2024.Hs	True	False	True	False	True	True	True	https://www.gsea-msigdb.org/gsea/msigdb/human/collections.jsp#H
Apoptosis	BTG3	MSigDB Hallmark v2024.Hs	True	False	True	False	True	True	True	https://www.gsea-msigdb.org/gsea/msigdb/human/collections.jsp#H
Apoptosis	CASP1	MSigDB Hallmark v2024.Hs	True	False	True	False	True	True	True	https://www.gsea-msigdb.org/gsea/msigdb/human/collections.jsp#H
Apoptosis	CASP2	MSigDB Hallmark v2024.Hs	True	False	True	False	True	True	True	https://www.gsea-msigdb.org/gsea/msigdb/human/collections.jsp#H
Apoptosis	CASP3	MSigDB Hallmark v2024.Hs	True	False	True	False	True	True	True	https://www.gsea-msigdb.org/gsea/msigdb/human/collections.jsp#H
Apoptosis	CASP4	MSigDB Hallmark v2024.Hs	True	False	True	False	True	True	True	https://www.gsea-msigdb.org/gsea/msigdb/human/collections.jsp#H
Apoptosis	CASP6	MSigDB Hallmark v2024.Hs	True	False	True	False	True	True	True	https://www.gsea-msigdb.org/gsea/msigdb/human/collections.jsp#H
Apoptosis	CASP7	MSigDB Hallmark v2024.Hs	True	False	True	False	True	True	True	https://www.gsea-msigdb.org/gsea/msigdb/human/collections.jsp#H
Apoptosis	CASP8	MSigDB Hallmark v2024.Hs	True	False	True	False	True	True	True	https://www.gsea-msigdb.org/gsea/msigdb/human/collections.jsp#H
Apoptosis	CASP9	MSigDB Hallmark v2024.Hs	True	False	True	False	True	True	True	https://www.gsea-msigdb.org/gsea/msigdb/human/collections.jsp#H
Apoptosis	CAV1	MSigDB Hallmark v2024.Hs	True	False	True	False	True	True	True	https://www.gsea-msigdb.org/gsea/msigdb/human/collections.jsp#H
Apoptosis	CCNA1	MSigDB Hallmark v2024.Hs	True	False	True	False	True	True	True	https://www.gsea-msigdb.org/gsea/msigdb/human/collections.jsp#H
Apoptosis	CCND1	MSigDB Hallmark v2024.Hs	True	False	True	False	True	True	True	https://www.gsea-msigdb.org/gsea/msigdb/human/collections.jsp#H
Apoptosis	CCND2	MSigDB Hallmark v2024.Hs	True	False	True	False	True	True	True	https://www.gsea-msigdb.org/gsea/msigdb/human/collections.jsp#H
Apoptosis	CD14	MSigDB Hallmark v2024.Hs	True	False	True	False	True	True	True	https://www.gsea-msigdb.org/gsea/msigdb/human/collections.jsp#H
Apoptosis	CD2	MSigDB Hallmark v2024.Hs	True	False	True	False	True	True	True	https://www.gsea-msigdb.org/gsea/msigdb/human/collections.jsp#H
Apoptosis	CD38	MSigDB Hallmark v2024.Hs	True	False	True	False	True	True	True	https://www.gsea-msigdb.org/gsea/msigdb/human/collections.jsp#H
Apoptosis	CD44	MSigDB Hallmark v2024.Hs	True	True	False	False	False	False	False	https://www.gsea-msigdb.org/gsea/msigdb/human/collections.jsp#H
Apoptosis	CD69	MSigDB Hallmark v2024.Hs	True	False	True	False	True	True	True	https://www.gsea-msigdb.org/gsea/msigdb/human/collections.jsp#H
Apoptosis	CDC25B	MSigDB Hallmark v2024.Hs	True	False	True	False	True	True	True	https://www.gsea-msigdb.org/gsea/msigdb/human/collections.jsp#H
Apoptosis	CDK2	MSigDB Hallmark v2024.Hs	True	False	True	False	True	True	True	https://www.gsea-msigdb.org/gsea/msigdb/human/collections.jsp#H
Apoptosis	CDKN1A	MSigDB Hallmark v2024.Hs	True	False	True	False	True	True	True	https://www.gsea-msigdb.org/gsea/msigdb/human/collections.jsp#H
Apoptosis	CDKN1B	MSigDB Hallmark v2024.Hs	True	False	True	False	True	True	True	https://www.gsea-msigdb.org/gsea/msigdb/human/collections.jsp#H
Apoptosis	CFLAR	MSigDB Hallmark v2024.Hs	True	False	True	False	True	True	True	https://www.gsea-msigdb.org/gsea/msigdb/human/collections.jsp#H
Apoptosis	CLU	MSigDB Hallmark v2024.Hs	True	False	True	False	True	True	True	https://www.gsea-msigdb.org/gsea/msigdb/human/collections.jsp#H
Apoptosis	CREBBP	MSigDB Hallmark v2024.Hs	True	False	True	False	True	True	True	https://www.gsea-msigdb.org/gsea/msigdb/human/collections.jsp#H
Apoptosis	CTH	MSigDB Hallmark v2024.Hs	True	False	True	False	True	True	True	https://www.gsea-msigdb.org/gsea/msigdb/human/collections.jsp#H
Apoptosis	CTNNB1	MSigDB Hallmark v2024.Hs	True	False	True	False	True	True	True	https://www.gsea-msigdb.org/gsea/msigdb/human/collections.jsp#H
Apoptosis	CYLD	MSigDB Hallmark v2024.Hs	True	False	True	False	True	True	True	https://www.gsea-msigdb.org/gsea/msigdb/human/collections.jsp#H
Apoptosis	DAP	MSigDB Hallmark v2024.Hs	True	False	True	False	True	True	True	https://www.gsea-msigdb.org/gsea/msigdb/human/collections.jsp#H
Apoptosis	DAP3	MSigDB Hallmark v2024.Hs	True	False	True	False	True	True	True	https://www.gsea-msigdb.org/gsea/msigdb/human/collections.jsp#H
Apoptosis	DCN	MSigDB Hallmark v2024.Hs	True	False	True	False	True	True	True	https://www.gsea-msigdb.org/gsea/msigdb/human/collections.jsp#H
Apoptosis	DDIT3	MSigDB Hallmark v2024.Hs	True	False	True	False	True	True	True	https://www.gsea-msigdb.org/gsea/msigdb/human/collections.jsp#H
Apoptosis	DFFA	MSigDB Hallmark v2024.Hs	True	False	True	False	True	True	True	https://www.gsea-msigdb.org/gsea/msigdb/human/collections.jsp#H
Apoptosis	DIABLO	MSigDB Hallmark v2024.Hs	True	False	True	False	True	True	False	https://www.gsea-msigdb.org/gsea/msigdb/human/collections.jsp#H
Apoptosis	DNAJA1	MSigDB Hallmark v2024.Hs	True	False	True	False	True	True	True	https://www.gsea-msigdb.org/gsea/msigdb/human/collections.jsp#H
Apoptosis	DNAJC3	MSigDB Hallmark v2024.Hs	True	False	True	False	True	True	True	https://www.gsea-msigdb.org/gsea/msigdb/human/collections.jsp#H
Apoptosis	DNM1L	MSigDB Hallmark v2024.Hs	True	False	True	False	True	True	True	https://www.gsea-msigdb.org/gsea/msigdb/human/collections.jsp#H
Apoptosis	DPYD	MSigDB Hallmark v2024.Hs	True	False	True	False	True	True	True	https://www.gsea-msigdb.org/gsea/msigdb/human/collections.jsp#H
Apoptosis	EBP	MSigDB Hallmark v2024.Hs	True	False	True	False	True	True	True	https://www.gsea-msigdb.org/gsea/msigdb/human/collections.jsp#H
Apoptosis	EGR3	MSigDB Hallmark v2024.Hs	True	False	True	True	False	True	True	https://www.gsea-msigdb.org/gsea/msigdb/human/collections.jsp#H
Apoptosis	EMP1	MSigDB Hallmark v2024.Hs	True	False	True	True	False	True	True	https://www.gsea-msigdb.org/gsea/msigdb/human/collections.jsp#H
Apoptosis	ENO2	MSigDB Hallmark v2024.Hs	True	False	True	False	True	True	True	https://www.gsea-msigdb.org/gsea/msigdb/human/collections.jsp#H
Apoptosis	ERBB2	MSigDB Hallmark v2024.Hs	True	False	True	False	True	True	True	https://www.gsea-msigdb.org/gsea/msigdb/human/collections.jsp#H
Apoptosis	ERBB3	MSigDB Hallmark v2024.Hs	True	False	True	False	True	True	True	https://www.gsea-msigdb.org/gsea/msigdb/human/collections.jsp#H
Apoptosis	EREG	MSigDB Hallmark v2024.Hs	True	False	True	True	False	True	True	https://www.gsea-msigdb.org/gsea/msigdb/human/collections.jsp#H
Apoptosis	ETF1	MSigDB Hallmark v2024.Hs	True	False	True	False	True	True	True	https://www.gsea-msigdb.org/gsea/msigdb/human/collections.jsp#H
Apoptosis	F2	MSigDB Hallmark v2024.Hs	True	False	True	False	True	True	True	https://www.gsea-msigdb.org/gsea/msigdb/human/collections.jsp#H
Apoptosis	F2R	MSigDB Hallmark v2024.Hs	True	False	True	False	True	True	True	https://www.gsea-msigdb.org/gsea/msigdb/human/collections.jsp#H
Apoptosis	FAS	MSigDB Hallmark v2024.Hs	True	False	True	False	True	True	True	https://www.gsea-msigdb.org/gsea/msigdb/human/collections.jsp#H
Apoptosis	FASLG	MSigDB Hallmark v2024.Hs	True	False	True	False	True	True	True	https://www.gsea-msigdb.org/gsea/msigdb/human/collections.jsp#H
Apoptosis	FDXR	MSigDB Hallmark v2024.Hs	True	False	True	False	True	True	True	https://www.gsea-msigdb.org/gsea/msigdb/human/collections.jsp#H
Apoptosis	FEZ1	MSigDB Hallmark v2024.Hs	True	False	True	False	True	True	True	https://www.gsea-msigdb.org/gsea/msigdb/human/collections.jsp#H
Apoptosis	GADD45A	MSigDB Hallmark v2024.Hs	True	False	True	True	False	True	True	https://www.gsea-msigdb.org/gsea/msigdb/human/collections.jsp#H
Apoptosis	GADD45B	MSigDB Hallmark v2024.Hs	True	False	True	False	True	True	True	https://www.gsea-msigdb.org/gsea/msigdb/human/collections.jsp#H
Apoptosis	GCH1	MSigDB Hallmark v2024.Hs	True	False	True	False	True	True	True	https://www.gsea-msigdb.org/gsea/msigdb/human/collections.jsp#H
Apoptosis	GNA15	MSigDB Hallmark v2024.Hs	True	False	True	False	True	True	True	https://www.gsea-msigdb.org/gsea/msigdb/human/collections.jsp#H
Apoptosis	GPX1	MSigDB Hallmark v2024.Hs	True	False	True	False	True	True	False	https://www.gsea-msigdb.org/gsea/msigdb/human/collections.jsp#H
Apoptosis	GPX3	MSigDB Hallmark v2024.Hs	True	False	True	False	True	True	True	https://www.gsea-msigdb.org/gsea/msigdb/human/collections.jsp#H
Apoptosis	GPX4	MSigDB Hallmark v2024.Hs	True	False	True	False	True	True	True	https://www.gsea-msigdb.org/gsea/msigdb/human/collections.jsp#H
Apoptosis	GSN	MSigDB Hallmark v2024.Hs	True	False	True	False	True	True	True	https://www.gsea-msigdb.org/gsea/msigdb/human/collections.jsp#H
Apoptosis	GSR	MSigDB Hallmark v2024.Hs	True	False	True	False	True	True	True	https://www.gsea-msigdb.org/gsea/msigdb/human/collections.jsp#H
Apoptosis	GSTM1	MSigDB Hallmark v2024.Hs	True	False	True	False	True	True	True	https://www.gsea-msigdb.org/gsea/msigdb/human/collections.jsp#H
Apoptosis	GUCY2D	MSigDB Hallmark v2024.Hs	True	False	True	False	True	True	True	https://www.gsea-msigdb.org/gsea/msigdb/human/collections.jsp#H
Apoptosis	H1-0	MSigDB Hallmark v2024.Hs	True	False	True	False	True	False	False	https://www.gsea-msigdb.org/gsea/msigdb/human/collections.jsp#H
Apoptosis	HGF	MSigDB Hallmark v2024.Hs	True	False	True	False	True	True	True	https://www.gsea-msigdb.org/gsea/msigdb/human/collections.jsp#H
Apoptosis	HMGB2	MSigDB Hallmark v2024.Hs	True	False	True	False	True	True	True	https://www.gsea-msigdb.org/gsea/msigdb/human/collections.jsp#H
Apoptosis	HMOX1	MSigDB Hallmark v2024.Hs	True	False	True	False	True	True	True	https://www.gsea-msigdb.org/gsea/msigdb/human/collections.jsp#H
Apoptosis	HSPB1	MSigDB Hallmark v2024.Hs	True	False	True	False	True	True	True	https://www.gsea-msigdb.org/gsea/msigdb/human/collections.jsp#H
Apoptosis	IER3	MSigDB Hallmark v2024.Hs	True	False	True	False	True	True	True	https://www.gsea-msigdb.org/gsea/msigdb/human/collections.jsp#H
Apoptosis	IFITM3	MSigDB Hallmark v2024.Hs	True	False	True	False	True	True	True	https://www.gsea-msigdb.org/gsea/msigdb/human/collections.jsp#H
Apoptosis	IFNB1	MSigDB Hallmark v2024.Hs	True	False	True	False	True	True	True	https://www.gsea-msigdb.org/gsea/msigdb/human/collections.jsp#H
Apoptosis	IFNGR1	MSigDB Hallmark v2024.Hs	True	False	True	False	True	True	True	https://www.gsea-msigdb.org/gsea/msigdb/human/collections.jsp#H
Apoptosis	IGF2R	MSigDB Hallmark v2024.Hs	True	False	True	False	True	True	True	https://www.gsea-msigdb.org/gsea/msigdb/human/collections.jsp#H
Apoptosis	IGFBP6	MSigDB Hallmark v2024.Hs	True	False	True	False	True	True	True	https://www.gsea-msigdb.org/gsea/msigdb/human/collections.jsp#H
Apoptosis	IL18	MSigDB Hallmark v2024.Hs	True	False	True	False	True	True	True	https://www.gsea-msigdb.org/gsea/msigdb/human/collections.jsp#H
Apoptosis	IL1A	MSigDB Hallmark v2024.Hs	True	False	True	False	True	True	True	https://www.gsea-msigdb.org/gsea/msigdb/human/collections.jsp#H
Apoptosis	IL1B	MSigDB Hallmark v2024.Hs	True	False	True	False	True	True	True	https://www.gsea-msigdb.org/gsea/msigdb/human/collections.jsp#H
Apoptosis	IL6	MSigDB Hallmark v2024.Hs	True	False	True	True	False	True	True	https://www.gsea-msigdb.org/gsea/msigdb/human/collections.jsp#H
Apoptosis	IRF1	MSigDB Hallmark v2024.Hs	True	False	True	True	False	True	True	https://www.gsea-msigdb.org/gsea/msigdb/human/collections.jsp#H
Apoptosis	ISG20	MSigDB Hallmark v2024.Hs	True	False	True	False	True	True	True	https://www.gsea-msigdb.org/gsea/msigdb/human/collections.jsp#H
Apoptosis	JUN	MSigDB Hallmark v2024.Hs	True	False	True	True	False	True	True	https://www.gsea-msigdb.org/gsea/msigdb/human/collections.jsp#H
Apoptosis	KRT18	MSigDB Hallmark v2024.Hs	True	False	True	False	True	True	True	https://www.gsea-msigdb.org/gsea/msigdb/human/collections.jsp#H
Apoptosis	LEF1	MSigDB Hallmark v2024.Hs	True	False	True	False	True	True	True	https://www.gsea-msigdb.org/gsea/msigdb/human/collections.jsp#H
Apoptosis	LGALS3	MSigDB Hallmark v2024.Hs	True	False	True	False	True	True	True	https://www.gsea-msigdb.org/gsea/msigdb/human/collections.jsp#H
Apoptosis	LMNA	MSigDB Hallmark v2024.Hs	True	False	True	False	True	True	True	https://www.gsea-msigdb.org/gsea/msigdb/human/collections.jsp#H
Apoptosis	LUM	MSigDB Hallmark v2024.Hs	True	False	True	False	True	True	True	https://www.gsea-msigdb.org/gsea/msigdb/human/collections.jsp#H
Apoptosis	MADD	MSigDB Hallmark v2024.Hs	True	False	True	False	True	True	True	https://www.gsea-msigdb.org/gsea/msigdb/human/collections.jsp#H
Apoptosis	MCL1	MSigDB Hallmark v2024.Hs	True	False	True	True	False	True	True	https://www.gsea-msigdb.org/gsea/msigdb/human/collections.jsp#H
Apoptosis	MGMT	MSigDB Hallmark v2024.Hs	True	False	True	False	True	True	True	https://www.gsea-msigdb.org/gsea/msigdb/human/collections.jsp#H
Apoptosis	MMP2	MSigDB Hallmark v2024.Hs	True	False	True	False	True	True	True	https://www.gsea-msigdb.org/gsea/msigdb/human/collections.jsp#H
Apoptosis	NEDD9	MSigDB Hallmark v2024.Hs	True	False	True	True	False	True	True	https://www.gsea-msigdb.org/gsea/msigdb/human/collections.jsp#H
Apoptosis	NEFH	MSigDB Hallmark v2024.Hs	True	False	True	False	True	True	True	https://www.gsea-msigdb.org/gsea/msigdb/human/collections.jsp#H
Apoptosis	PAK1	MSigDB Hallmark v2024.Hs	True	False	True	False	True	True	True	https://www.gsea-msigdb.org/gsea/msigdb/human/collections.jsp#H
Apoptosis	PDCD4	MSigDB Hallmark v2024.Hs	True	False	True	False	True	True	True	https://www.gsea-msigdb.org/gsea/msigdb/human/collections.jsp#H
Apoptosis	PDGFRB	MSigDB Hallmark v2024.Hs	True	False	True	False	True	True	True	https://www.gsea-msigdb.org/gsea/msigdb/human/collections.jsp#H
Apoptosis	PEA15	MSigDB Hallmark v2024.Hs	True	False	True	False	True	True	True	https://www.gsea-msigdb.org/gsea/msigdb/human/collections.jsp#H
Apoptosis	PLAT	MSigDB Hallmark v2024.Hs	True	False	True	False	True	True	True	https://www.gsea-msigdb.org/gsea/msigdb/human/collections.jsp#H
Apoptosis	PLCB2	MSigDB Hallmark v2024.Hs	True	False	True	False	True	True	True	https://www.gsea-msigdb.org/gsea/msigdb/human/collections.jsp#H
Apoptosis	PLPPR4	MSigDB Hallmark v2024.Hs	True	False	True	False	True	True	True	https://www.gsea-msigdb.org/gsea/msigdb/human/collections.jsp#H
Apoptosis	PMAIP1	MSigDB Hallmark v2024.Hs	True	False	True	True	False	True	True	https://www.gsea-msigdb.org/gsea/msigdb/human/collections.jsp#H
Apoptosis	PPP2R5B	MSigDB Hallmark v2024.Hs	True	False	True	False	True	True	True	https://www.gsea-msigdb.org/gsea/msigdb/human/collections.jsp#H
Apoptosis	PPP3R1	MSigDB Hallmark v2024.Hs	True	False	True	False	True	True	True	https://www.gsea-msigdb.org/gsea/msigdb/human/collections.jsp#H
Apoptosis	PPT1	MSigDB Hallmark v2024.Hs	True	False	True	False	True	True	True	https://www.gsea-msigdb.org/gsea/msigdb/human/collections.jsp#H
Apoptosis	PRF1	MSigDB Hallmark v2024.Hs	True	False	True	False	True	True	True	https://www.gsea-msigdb.org/gsea/msigdb/human/collections.jsp#H
Apoptosis	PSEN1	MSigDB Hallmark v2024.Hs	True	False	True	False	True	True	True	https://www.gsea-msigdb.org/gsea/msigdb/human/collections.jsp#H
Apoptosis	PSEN2	MSigDB Hallmark v2024.Hs	True	False	True	False	True	True	True	https://www.gsea-msigdb.org/gsea/msigdb/human/collections.jsp#H
Apoptosis	PTK2	MSigDB Hallmark v2024.Hs	True	False	True	False	True	True	True	https://www.gsea-msigdb.org/gsea/msigdb/human/collections.jsp#H
Apoptosis	RARA	MSigDB Hallmark v2024.Hs	True	False	True	False	True	True	True	https://www.gsea-msigdb.org/gsea/msigdb/human/collections.jsp#H
Apoptosis	RELA	MSigDB Hallmark v2024.Hs	True	False	True	False	True	True	True	https://www.gsea-msigdb.org/gsea/msigdb/human/collections.jsp#H
Apoptosis	RETSAT	MSigDB Hallmark v2024.Hs	True	False	True	False	True	True	True	https://www.gsea-msigdb.org/gsea/msigdb/human/collections.jsp#H
Apoptosis	RHOB	MSigDB Hallmark v2024.Hs	True	False	True	False	True	True	True	https://www.gsea-msigdb.org/gsea/msigdb/human/collections.jsp#H
Apoptosis	RHOT2	MSigDB Hallmark v2024.Hs	True	False	True	False	True	True	True	https://www.gsea-msigdb.org/gsea/msigdb/human/collections.jsp#H
Apoptosis	RNASEL	MSigDB Hallmark v2024.Hs	True	False	True	False	True	True	True	https://www.gsea-msigdb.org/gsea/msigdb/human/collections.jsp#H
Apoptosis	ROCK1	MSigDB Hallmark v2024.Hs	True	False	True	False	True	True	True	https://www.gsea-msigdb.org/gsea/msigdb/human/collections.jsp#H
Apoptosis	SAT1	MSigDB Hallmark v2024.Hs	True	False	True	False	True	True	True	https://www.gsea-msigdb.org/gsea/msigdb/human/collections.jsp#H
Apoptosis	SATB1	MSigDB Hallmark v2024.Hs	True	False	True	False	True	True	True	https://www.gsea-msigdb.org/gsea/msigdb/human/collections.jsp#H
Apoptosis	SC5D	MSigDB Hallmark v2024.Hs	True	False	True	False	True	True	True	https://www.gsea-msigdb.org/gsea/msigdb/human/collections.jsp#H
Apoptosis	SLC20A1	MSigDB Hallmark v2024.Hs	True	False	True	False	True	True	True	https://www.gsea-msigdb.org/gsea/msigdb/human/collections.jsp#H
Apoptosis	SMAD7	MSigDB Hallmark v2024.Hs	True	False	True	False	True	True	True	https://www.gsea-msigdb.org/gsea/msigdb/human/collections.jsp#H
Apoptosis	SOD1	MSigDB Hallmark v2024.Hs	True	False	True	False	True	True	True	https://www.gsea-msigdb.org/gsea/msigdb/human/collections.jsp#H
Apoptosis	SOD2	MSigDB Hallmark v2024.Hs	True	False	True	False	True	True	False	https://www.gsea-msigdb.org/gsea/msigdb/human/collections.jsp#H
Apoptosis	SPTAN1	MSigDB Hallmark v2024.Hs	True	False	True	False	True	True	True	https://www.gsea-msigdb.org/gsea/msigdb/human/collections.jsp#H
Apoptosis	SQSTM1	MSigDB Hallmark v2024.Hs	True	False	True	False	True	True	True	https://www.gsea-msigdb.org/gsea/msigdb/human/collections.jsp#H
Apoptosis	TAP1	MSigDB Hallmark v2024.Hs	True	False	True	False	True	True	True	https://www.gsea-msigdb.org/gsea/msigdb/human/collections.jsp#H
Apoptosis	TGFB2	MSigDB Hallmark v2024.Hs	True	False	True	False	True	True	True	https://www.gsea-msigdb.org/gsea/msigdb/human/collections.jsp#H
Apoptosis	TGFBR3	MSigDB Hallmark v2024.Hs	True	False	True	False	True	True	True	https://www.gsea-msigdb.org/gsea/msigdb/human/collections.jsp#H
Apoptosis	TIMP1	MSigDB Hallmark v2024.Hs	True	False	True	False	True	True	True	https://www.gsea-msigdb.org/gsea/msigdb/human/collections.jsp#H
Apoptosis	TIMP2	MSigDB Hallmark v2024.Hs	True	False	True	False	True	True	True	https://www.gsea-msigdb.org/gsea/msigdb/human/collections.jsp#H
Apoptosis	TIMP3	MSigDB Hallmark v2024.Hs	True	False	True	False	True	True	True	https://www.gsea-msigdb.org/gsea/msigdb/human/collections.jsp#H
Apoptosis	TNF	MSigDB Hallmark v2024.Hs	True	False	True	True	False	True	True	https://www.gsea-msigdb.org/gsea/msigdb/human/collections.jsp#H
Apoptosis	TNFRSF12A	MSigDB Hallmark v2024.Hs	True	False	True	False	True	True	True	https://www.gsea-msigdb.org/gsea/msigdb/human/collections.jsp#H
Apoptosis	TNFSF10	MSigDB Hallmark v2024.Hs	True	False	True	False	True	True	True	https://www.gsea-msigdb.org/gsea/msigdb/human/collections.jsp#H
Apoptosis	TOP2A	MSigDB Hallmark v2024.Hs	True	False	True	False	True	True	True	https://www.gsea-msigdb.org/gsea/msigdb/human/collections.jsp#H
Apoptosis	TSPO	MSigDB Hallmark v2024.Hs	True	False	True	False	True	True	True	https://www.gsea-msigdb.org/gsea/msigdb/human/collections.jsp#H
Apoptosis	TXNIP	MSigDB Hallmark v2024.Hs	True	False	True	False	True	True	True	https://www.gsea-msigdb.org/gsea/msigdb/human/collections.jsp#H
Apoptosis	VDAC2	MSigDB Hallmark v2024.Hs	True	False	True	False	True	True	True	https://www.gsea-msigdb.org/gsea/msigdb/human/collections.jsp#H
Apoptosis	WEE1	MSigDB Hallmark v2024.Hs	True	False	True	True	False	True	True	https://www.gsea-msigdb.org/gsea/msigdb/human/collections.jsp#H
Apoptosis	XIAP	MSigDB Hallmark v2024.Hs	True	False	True	False	True	True	True	https://www.gsea-msigdb.org/gsea/msigdb/human/collections.jsp#H
Survival–stress	BCL2L1	Gene set defined for this study	True	False	True	False	True	True	True	Study-defined; no external signature claimed
Survival–stress	BIRC2	Gene set defined for this study	True	False	True	False	True	True	True	Study-defined; no external signature claimed
Survival–stress	BIRC3	Gene set defined for this study	True	False	True	True	False	True	True	Study-defined; no external signature claimed
Survival–stress	BIRC5	Gene set defined for this study	True	False	True	False	True	True	True	Study-defined; no external signature claimed
Survival–stress	CDKN1A	Gene set defined for this study	True	False	True	False	True	True	True	Study-defined; no external signature claimed
Survival–stress	CFLAR	Gene set defined for this study	True	False	True	False	True	True	True	Study-defined; no external signature claimed
Survival–stress	GDF15	Gene set defined for this study	True	False	True	False	True	True	True	Study-defined; no external signature claimed
Survival–stress	IGFBP3	Gene set defined for this study	True	True	False	False	False	False	False	Study-defined; no external signature claimed
Survival–stress	MCL1	Gene set defined for this study	True	False	True	True	False	True	True	Study-defined; no external signature claimed
Survival–stress	XIAP	Gene set defined for this study	True	False	True	False	True	True	True	Study-defined; no external signature claimed
Adhesion–remodeling	ANXA1	Gene set defined for this study	True	False	True	False	True	True	True	Study-defined; no external signature claimed
Adhesion–remodeling	CD44	Gene set defined for this study	True	True	False	False	False	False	False	Study-defined; no external signature claimed
Adhesion–remodeling	F3	Gene set defined for this study	True	True	False	False	False	False	False	Study-defined; no external signature claimed
Adhesion–remodeling	FN1	Gene set defined for this study	True	False	True	True	False	True	True	Study-defined; no external signature claimed
Adhesion–remodeling	ITGA6	Gene set defined for this study	True	True	False	False	False	False	False	Study-defined; no external signature claimed
Adhesion–remodeling	ITGB1	Gene set defined for this study	True	False	True	False	True	True	True	Study-defined; no external signature claimed
Adhesion–remodeling	ITGB4	Gene set defined for this study	True	False	True	False	True	True	True	Study-defined; no external signature claimed
Adhesion–remodeling	LAMB3	Gene set defined for this study	True	False	True	True	False	True	True	Study-defined; no external signature claimed
Adhesion–remodeling	LAMC2	Gene set defined for this study	True	False	True	True	False	True	True	Study-defined; no external signature claimed
Adhesion–remodeling	TACSTD2	Gene set defined for this study	True	False	True	True	False	True	True	Study-defined; no external signature claimed
